"brnch_id","brnch_nm","st_nm"
"3426946","AFC KANGAR","PERLIS"
"17392728","LAOS ATM SETTLEMENT","FED. TERRITORY"
"3426334","BANDAR BARU AMPANG","SELANGOR"
"3426599","IBS MENTAKAB","PAHANG"
"45968026","MIB VIRTUAL ACCOUNT 5052","FED. TERRITORY"
"17393096","INTEREST CCA DANAHARTA (COF)","FED. TERRITORY"
"3426536","IBS TMN NUSA BESTARI, SKUDAI","JOHOR"
"17392770","KIOSK BATU PAHAT","JOHOR"
"17393626","YONG PENG","JOHOR"
"17393239","SERIA BRANCH",""
"427006","EIK BDR UTAMA","FED. TERRITORY"
"46349928","IBS KIOSK TAYLOR'S UNIVERSITY","SELANGOR"
"17393382","IBS FB MILE 8TH, SANDAKAN","SABAH"
"3426660","IBS TELUK INTAN","PERAK"
"17392913","FB SAAS AIRPORT","SELANGOR"
"17393197","CENTRAL MICRO CREDIT PKT","PAHANG"
"17392810","KIOSK KLUANG","JOHOR"
"3426191","SEREMBAN 2","NEGERI SEMBILAN"
"3426986","LOCAL OPERATIONS CENTRE","SELANGOR"
"3426538","IBS SENAI","JOHOR"
"3426374","SUNGAI BULOH","SELANGOR"
"3426721","IBS LAWAS","SARAWAK"
"3426681","IBS BERCHAM","PERAK"
"427027","EIK JSIS","FED. TERRITORY"
"17392974","PWC KUALA LUMPUR MAIN","FED. TERRITORY"
"17393441","IBS BANK BROKING OPS","FED. TERRITORY"
"3426212","PENGKALAN WELD","PENANG"
"17393504","MFB KBB KOTA BHARU","KELANTAN"
"427025","EIK BIDOR","FED. TERRITORY"
"17393605","BATU PAHAT","JOHOR"
"3427007","AFC PARIT BUNTAR","PERAK"
"17393565","MFB IBS KBB SEGAMAT","JOHOR"
"17392829","KIOSK TAMAN TAS","PAHANG"
"3426395","KEMAMAN","TERENGGANU"
"3426477","MIB I-CITY, SHAH ALAM SC","SELANGOR"
"17393178","GL SETTLEMENT ACCOUNT","FED. TERRITORY"
"3426517","IBS BANDAR BARU PERMAS JAYA","JOHOR"
"17393237","NEW YORK BRANCH",""
"3426475","MIB MELAKA","MELAKA"
"3426515","IBS TMN PELANGI, JB","JOHOR"
"3427026","KLANG","SELANGOR"
"17393483","MFB TAMAN SENTOSA","JOHOR"
"17393035","CCC PERAK                          #","PERAK"
"3426883","IBS JLN SULTAN ISMAIL, KL","FED. TERRITORY"
"3426742","IBS TABUAN JAYA","SARAWAK"
"3426353","BANDAR BARU KLANG","SELANGOR"
"3426130","LAYANG-LAYANG SC","JOHOR"
"17393584","IBS MFB FACTORING DIVISION","FED. TERRITORY"
"3426656","IBS IPOH MAIN, JSIS","PERAK"
"17393687","IBS MIRI TRADE FINANCE CENTRE","SARAWAK"
"17393586","MFB IBS KUCHING SELATAN","SARAWAK"
"17393443","SUNGAI PETANI BC","KEDAH"
"3426273","KLEBANG","PERAK"
"3426456","TMN CONNAUGHT, KL","FED. TERRITORY"
"3426555","IBS KULIM HI-TECH PARK","KEDAH"
"3426761","IBS SUNGAI BESAR","SELANGOR"
"3426313","PWC CROWN TOWER","SARAWAK"
"17393117","SITIAWAN SIC","PERAK"
"17393624","KOTA KINABALU SUB","SABAH"
"3426109","SIMPANG RENGGAM","JOHOR"
"3426843","IBS JLN RAJA LAUT, KL","FED. TERRITORY"
"17392789","KIOSK GELANG PATAH","JOHOR"
"17393300","IBS KIOSK PORT KLANG","SELANGOR"
"17393666","KL TRADE FINANCE CENTRE","FED. TERRITORY"
"17393542","MFB IBS PENANG LCC/BC","PENANG"
"17393645","PJ OLD TOWN","SELANGOR"
"17393662","PERNAS SOGO TRADE FINANCE CENTRE","FED. TERRITORY"
"17393014","CAC KOTA BHARU                     #","KELANTAN"
"45968028","MIB VIRTUAL ACCOUNT 5054","FED. TERRITORY"
"3426864","IBS SUNGAI BESI","FED. TERRITORY"
"17392909","FB SANDAKAN","SABAH"
"3426679","IBS PULAU PANGKOR SC","PERAK"
"17392850","SME SEREMBAN 2","NEGERI SEMBILAN"
"17393643","PARIT BUNTAR","PERAK"
"17393544","MFB TAMPIN","NEGERI SEMBILAN"
"3426944","AFC PRIMA SQUARE, SANDAKAN","SABAH"
"17393378","IBS FB KK LCCT","SABAH"
"17393136","SANDAKAN SIC","SABAH"
"17393094","PERMAS JAYA BUSINESS CENTRE","JOHOR"
"3426557","IBS CENANG MALL, LANGKAWI SC","KEDAH"
"3426904","IBS MIB KOTA DAMANSARA","SELANGOR"
"3426982","KULIM","KEDAH"
"17393174","E-PURSE COMMISSION","FED. TERRITORY"
"17392993","PWC ONE CITY USJ","FED. TERRITORY"
"17393361","IBS FB SUNWAY PYRAMID","SELANGOR"
"3426332","SELAYANG","FED. TERRITORY"
"17393647","PANDAN INDAH","FED. TERRITORY"
"17393340","IBS KIOSK KUALA TERENGGANU","TERENGGANU"
"3426862","IBS MEDAN TUANKU","FED. TERRITORY"
"17392932","PDRM SETTLEMENT","FED. TERRITORY"
"17392831","SME BKG BANGSAR BARU","FED. TERRITORY"
"17392951","REGIONAL RETAIL CREDIT JOHOR/MELAKA","JOHOR"
"17393399","IBS KOTA KINABALU OSC","SABAH"
"17393075","PERAK LMC                          #","PERAK"
"3426925","MFB RRD CENTRE","FED. TERRITORY"
"17393279","IBS KIOSK TAWAU","SABAH"
"17392871","SME BATU PAHAT","JOHOR"
"17393216","EIK PUDU","FED. TERRITORY"
"3426311","JLN PARRY, MIRI","SARAWAK"
"17393134","KOTA BAHRU SIC","KELANTAN"
"17393397","IBS SELANGOR/NS OSC","SELANGOR"
"3426271","LANGKAP SC","PERAK"
"17393582","IBS MFB LMC KUCHING","SARAWAK"
"17392972","PWC CHERAS SELATAN","SELANGOR"
"3426639","IBS PWC BURMAH HOUSE","PENANG"
"3426658","IBS KAMPAR","PERAK"
"3426782","IBS KLIA","SELANGOR"
"3426736","IBS JLN PARRY, MIRI","SARAWAK"
"17393010","CCC JOHOR/MELAKA                   #","JOHOR"
"3426435","TMN MALURI, KL","FED. TERRITORY"
"17393157","CHANNEL GST INPUT TAX SETTLEMENT","FED. TERRITORY"
"426966","TMN PELANGI, JB","JOHOR"
"17392892","FB MAIN ENTRANCE, GH","PAHANG"
"17393422","IBS PWC MONT KIARA","FED. TERRITORY"
"3426269","KAMUNTING","PERAK"
"3426189","RAHANG","NEGERI SEMBILAN"
"17393090","KUANTAN BUSINESS CENTRE            #","PAHANG"
"3426803","IBS MUTIARA DAMANSARA, PJ","SELANGOR"
"17393481","KLANG BANDAR BARU","SELANGOR"
"3426841","IBS TMN MIDAH, KL","FED. TERRITORY"
"17393622","TUN AMINAH","JOHOR"
"3426128","PALOH SC","JOHOR"
"17392869","SME TAMPOI JALAN TEBRAU","JOHOR"
"3426740","IBS TUDAN","SARAWAK"
"17392785","KIOSK JLN ABD MUAR","JOHOR"
"17392890","FB CASINO ENTRANCE, GH","PAHANG"
"17393458","KLANG BC","SELANGOR"
"3426231","SUNGAI DUA","PENANG"
"3426700","IBS KUDAT","SABAH"
"3427005","RELAU","PENANG"
"17392970","PWC GIZA, KOTA DAMANSARA","SELANGOR"
"17393359","IBS FB KLIA ARRIVAL HALL","SELANGOR"
"3426595","IBS RAHANG","NEGERI SEMBILAN"
"3426818","IBS ARA DAMANSARA","SELANGOR"
"3426820","IBS THE REEF, RAWANG","SELANGOR"
"3426984","TAMAN UNGKU TUN AMINAH","JOHOR"
"17392827","KIOSK C MART AMANJAYA","KEDAH"
"17393195","CENTRAL MICRO CREDIT SNS","SELANGOR"
"3426351","BANDAR BARU SALAK TINGGI SC","SELANGOR"
"17393319","IBS KIOSK ECONSAVE JAWI",""
"17392768","KIOSK TESCO CHENG","MELAKA"
"17393132","TRIANG SIC","PAHANG"
"3427001","AFC SITIAWAN","PERAK"
"3426822","IBS KEMAMAN","TERENGGANU"
"17392953","REGIONAL RETAIL CREDIT PNG/KEDAH/PERLIS","PENANG"
"3426250","GERIK","PERAK"
"17393218","MAYBANK NUSA INTERNATIONAL",""
"3426618","IBS KG RAJA, CAMERON HIGHLANDS","PERAK"
"17393563","MFB IBS KBB SEREMBAN","NEGERI SEMBILAN"
"17393401","IBS CASH MANAGEMENT, ATM SST","FED. TERRITORY"
"17392749","KIOSK TESCO KAJANG","SELANGOR"
"17392726","PNG ATM SETTLEMENT","FED. TERRITORY"
"45968024","VIRTUAL ACCOUNT 0060","FED. TERRITORY"
"3426597","IBS SEREMBAN 2","NEGERI SEMBILAN"
"426985","SANDAKAN","SABAH"
"3426801","IBS SUNGAI BULOH","SELANGOR"
"17393275","IBS KIOSK SEREMBAN 2","NEGERI SEMBILAN"
"17392991","PWC TMN DESA DAMAI,BKT MERTAJA","PENANG"
"3426778","IBS CHERAS SELATAN","SELANGOR"
"427023","EIK CHERAS SELATAN","FED. TERRITORY"
"17393334","IBS KIOSK TMN JOHOR JAYA","JOHOR"
"3426454","TMN CHERAS MAKMUR, KL","FED. TERRITORY"
"3426330","KUALA SELANGOR","SELANGOR"
"3426410","TMN MIDAH, KL","FED. TERRITORY"
"17393523","SEGAMAT SUB","JOHOR"
"3427045","PUCHONG","SELANGOR"
"17392911","FB CENTRE POINT, MIRI","SARAWAK"
"3426185","MANTIN","NEGERI SEMBILAN"
"17393252","IBS CAMPBELL STREET SC","PENANG"
"17393115","PORT DICKSON SIC","NEGERI SEMBILAN"
"3426170","ALOR GAJAH","MELAKA"
"3426578","IBS PLAZA MELAKA","MELAKA"
"17393277","IBS KIOSK TABUAN JAYA","SARAWAK"
"3426965","JALAN TEBRAU","JOHOR"
"17392846","SME TMN SRI GOMBAK","SELANGOR"
"3426473","ONE CITY USJ","SELANGOR"
"427000","PETALING JAYA MAIN","SELANGOR"
"3426252","BIDOR","PERAK"
"46349926","IBS KIOSK UNIVERSITI MALAYSIA SABAH","SABAH"
"3426616","IBS PEKAN","PAHANG"
"17393336","IBS KIOSK SG BULOH","SELANGOR"
"3426433","PANDAN INDAH","FED. TERRITORY"
"3426126","PUS. PERDAGANGAN PASIR GUDANG","JOHOR"
"3426576","IBS MERLIMAU","MELAKA"
"427042","EIK BKT UBI","FED. TERRITORY"
"17392848","SME DAMANSARA JAYA","SELANGOR"
"17393519","MFB CREDIT CARD CENTRE","FED. TERRITORY"
"3426393","THE REEF, RAWANG","SELANGOR"
"3426574","IBS JASIN","MELAKA"
"3426923","MFB LMC JOHOR BAHRU","JOHOR"
"17392867","SME SUNGAI PETANI","KEDAH"
"17393317","IBS KIOSK MERGONG","KEDAH"
"3426370","AMPANG POINT","SELANGOR"
"17393233","SARAWAK","FED. TERRITORY"
"3426412","JLN RAJA LAUT, KL","FED. TERRITORY"
"3426780","IBS TMN SRI GOMBAK, S'GOR","SELANGOR"
"17393559","MFB IBS KBB ALOR SETAR","KEDAH"
"3427024","SEGAMAT","JOHOR"
"3427003","SEBERANG JAYA","PENANG"
"3426229","MENARA PSCI","PENANG"
"3426107","SUNGAI RENGIT","JOHOR"
"3426940","AFC SHAH ALAM MAIN","SELANGOR"
"3426406","JLN RAJA MUDA, KL","FED. TERRITORY"
"3426534","IBS JLN GENUANG, SEGAMAT","JOHOR"
"17393054","FEDERAL TERRITORY EFS              #","FED. TERRITORY"
"3426719","IBS LIMBANG","SARAWAK"
"17393380","IBS FB FAJAR COMPLEX, TAWAU","SABAH"
"3426210","KG RAJA, CAMERON HIGHLANDS SC","PERAK"
"17393012","SG PETANI BUSINESS CENTRE          #","KEDAH"
"17393462","MUAR BC","JOHOR"
"3426292","KK INT'L AIRPORT SC","SABAH"
"3426881","IBS KEPONG PRIMA","FED. TERRITORY"
"3426797","IBS AMPANG POINT","SELANGOR"
"3426290","LINTAS SQUARE","SABAH"
"426964","JOHOR BAHRU MAIN","JOHOR"
"17393033","CAC IPOH                           #","PERAK"
"17393540","KLANG BANDAR BARU","SELANGOR"
"17392787","KIOSK KOTA SENTOSA","SARAWAK"
"17393315","IBS KIOSK PENDANG","KEDAH"
"17392888","FB KLIA LCCT","SELANGOR"
"17392926","OTHER SERVICE CHARGES","FED. TERRITORY"
"17393460","BANDAR SRI DAMANSARA BC","FED. TERRITORY"
"3426206","JERANTUT","PAHANG"
"17393437","IBS PWC MELAKA MAIN","MELAKA"
"3426494","IBS KLUANG","JOHOR"
"3426168","JLN MUNSHI ABDULLAH, MELAKA","MELAKA"
"17393479","IBS PWC KEPONG PRIMA","FED. TERRITORY"
"17392947","RAQM SARAWAK","SARAWAK"
"427019","KIOSK AEON BUKIT TINGGI","SELANGOR"
"17393155","CROSS BORDER SETTLEMENT","FED. TERRITORY"
"17393683","IBS KUANTAN TRADE FINANCE CENTRE","PAHANG"
"3426496","IBS TANGKAK","JOHOR"
"3426208","PEKAN","PAHANG"
"427046","EIK SHAFTSBURY","FED. TERRITORY"
"17393048","RRM SARAWAK                        #","SARAWAK"
"3427039","KUANTAN SUB","PAHANG"
"17393374","IBS FB KUALA TERENGGANU","TERENGGANU"
"17393258","IBS JLN GOPENG, KLANG","SELANGOR"
"3426513","IBS TAMPOI","JOHOR"
"3426391","ARA DAMANSARA","SELANGOR"
"3426593","IBS NILAI","NEGERI SEMBILAN"
"17393664","KUCHING TRADE FINANCE CENTRE","SARAWAK"
"3426309","MEDAN JAYA","SARAWAK"
"17393439","IBS PWC SETAPAK","FED. TERRITORY"
"17392907","FB CENTRE POINT, KK","SABAH"
"3426652","IBS QUEENSBAY MALL","PENANG"
"17393498","MFB KBB IPOH","PERAK"
"3426698","IBS SEMPORNA","SABAH"
"17393601","KLUANG","JOHOR"
"3426637","IBS MENARA PSCI","PENANG"
"17393273","IBS KIOSK MIDVALLEY","FED. TERRITORY"
"3426942","AFC KUALA TERENGGANU","TERENGGANU"
"17393071","RRM SELANGOR/N. SEMBILAN          #","SELANGOR"
"17393355","IBS FB KLCC","FED. TERRITORY"
"17392806","KIOSK MIDVALLEY MOSE","FED. TERRITORY"
"17393052","P.RAMLEE BUSINESS CENTRE           #","FED. TERRITORY"
"3426246","IPOH MAIN, JSIS","PERAK"
"17392745","KIOSK AEON MELAKA","MELAKA"
"3427043","AFC THE REEF RAWANG","SELANGOR"
"17393521","IPOH JALAN KAMPAR","PERAK"
"427044","EIK SG BESI","FED. TERRITORY"
"3426368","INTAN MILLENNIUM","SELANGOR"
"17393576","IBS MFB SEREMBAN LOC","NEGERI SEMBILAN"
"3426183","KUALA KLAWANG","NEGERI SEMBILAN"
"3426372","PUSAT BANDAR PUCHONG","SELANGOR"
"17393395","IBS CREDIT ADMINISTRATION CENTRE SARAWAK","SARAWAK"
"17393685","IBS MALACCA TRADE FINANCE CENTRE","MELAKA"
"17392808","KIOSK SEMENYIH MOSE","SELANGOR"
"17393254","IBS PERSIARAN GREENHILL, IPOH","PERAK"
"3426414","JLN YONG SHOOK LIN, PJ","SELANGOR"
"17393298","IBS KIOSK SOGO KL","FED. TERRITORY"
"3427020","BUTTERWORTH","PENANG"
"17393151","EIM REG SELANGOR","SELANGOR"
"3426759","IBS BANDAR BARU AMPANG","SELANGOR"
"3426677","IBS BAGAN SERAI","PERAK"
"17393603","SUBANG JAYA","SELANGOR"
"3426961","AFC JLN YONG SHOOK LIN, PJ","SELANGOR"
"3426431","SUNGAI BESI","FED. TERRITORY"
"17393292","IBS KIOSK GIANT KOLOMBONG","SABAH"
"17392949","REGIONAL RETAIL CREDIT FEDERAL TERRITORY","FED. TERRITORY"
"3426162","RANTAU PANJANG SC","KELANTAN"
"17393313","IBS KIOSK PAVILION KL","FED. TERRITORY"
"3426532","IBS BUKIT PASIR, BP","JOHOR"
"17393008","LMC JOHORE/MELAKA                  #","JOHOR"
"45968022","VIRTUAL ACCOUNT 0058","FED. TERRITORY"
"17392930","ATM IBG SETTLEMENT","FED. TERRITORY"
"46349924","KIOSK UTC JB","JOHOR"
"3426776","IBS USJ SUBANG JAYA","SELANGOR"
"17393088","SIC SABAH","SABAH"
"17393420","IBS PWC BANGSAR BARU","FED. TERRITORY"
"17392886","FB KLIA SATELLITE BUILDING","SELANGOR"
"3426149","JITRA","KEDAH"
"3426267","STATION 18, IPOH","PERAK"
"3426614","IBS JERANTUT","PAHANG"
"17393187","MGB/KIJANG EMAS","FED. TERRITORY"
"17393067","EFS PAHANG/KELANTAN/TRENGGANU","PAHANG"
"17393168","BSS (CARE) SETTLEMENT","FED. TERRITORY"
"3426147","BALING","KEDAH"
"426981","JELAPANG","PERAK"
"3426349","KELANA JAYA","SELANGOR"
"3426858","IBS JLN 222, PJ","SELANGOR"
"17393256","IBS PWC CROWN TOWER","SARAWAK"
"17393029","RRM PENANG/KEDAH/PERLIS            #","PENANG"
"3426248","KAMPAR","PERAK"
"3426429","MEDAN TUANKU","FED. TERRITORY"
"17393271","IBS KIOSK PUTATAN","SABAH"
"3426225","GELUGOR","PENANG"
"3427041","LANGKAWI","KEDAH"
"3426757","IBS TMN SRI SERDANG, S'GOR","SELANGOR"
"3426902","IBS PUTRAJAYA","FED. TERRITORY"
"3426488","IB SETTLEMENT","FED. TERRITORY"
"17393092","IPOH BUSINESS CENTRE               #","PERAK"
"3426696","IBS SANDAKAN","SABAH"
"17393393","IBS MENTAKAB SSC","PAHANG"
"3426288","PRIMA SQUARE, SANDAKAN","SABAH"
"3426408","JLN KLANG LAMA, KL","FED. TERRITORY"
"17393496","MFB KBB ALOR SETAR","KEDAH"
"3426227","CAMPBELL STREET SC","PENANG"
"17392764","KIOSK GIANT KINRARA","SELANGOR"
"3426738","IBS KUCHING SELATAN","SARAWAK"
"3426717","IBS DONGGONGON","SABAH"
"3426305","WISMA SATOK","SARAWAK"
"3426793","IBS SELAYANG JAYA","SELANGOR"
"427017","EIK BANGSAR BARU","FED. TERRITORY"
"17393073","BATU PAHAT BUSINESS CENTRE         #","JOHOR"
"3426612","IBS JLN BESERAH, KUANTAN","PAHANG"
"17393193","MAESTRO ACQUIRER","FED. TERRITORY"
"17393338","IBS KIOSK T.MALIM JAYA","MELAKA"
"3426286","KARAMUNSING","SABAH"
"17393376","IBS FB KK INT'L AIRPORT ARRIVA","SABAH"
"3426124","TMN INTAN, KLUANG","JOHOR"
"17393414","IBS PWC UEP SUBANG JAYA","SELANGOR"
"427040","EIK JLN TERBAU","FED. TERRITORY"
"17393031","TELUK INTAN BUSINESS CENTRE        #","PERAK"
"3426921","REGIONAL ASSET QUALITY MGMT,CB,SABAH","SABAH"
"3426452","KL SENTRAL","FED. TERRITORY"
"17392724","BRUNEI ATM SETTLEMENT","FED. TERRITORY"
"3426492","IBS MUAR","JOHOR"
"17393534","CREDIT CARD CENTRE","FED. TERRITORY"
"3426919","MFB ALOR SETAR (LOC)","KEDAH"
"3426692","IBS KANGAR","PERLIS"
"17393149","SIC ALAMESRA","SABAH"
"3426938","AFC JLN SULAIMAN, MUAR","JOHOR"
"3426164","TUMPAT SC","KELANTAN"
"17392966","PWC BANDAR PUTERI PUCHONG","SELANGOR"
"17393500","MFB KBB SEREMBAN","NEGERI SEMBILAN"
"17393599","TAWAU","SABAH"
"17392783","KIOSK TAIPING","PERAK"
"3426160","GUA MUSANG","KELANTAN"
"17392747","KIOSK STATION 18","PERAK"
"17393515","MFB SIME MALIM","MELAKA"
"17393176","MBB REGIONAL SWITCH SETTLEMENT","FED. TERRITORY"
"3426103","JLN LARKIN, JB","JOHOR"
"3426471","PUTRAJAYA","FED. TERRITORY"
"17393309","IBS KIOSK GELANG PATAH","JOHOR"
"17393044","CAC MIRI                           #","SARAWAK"
"427011","EIK KLCC","FED. TERRITORY"
"17393296","IBS KIOSK CENTERPOINT MIRI","SARAWAK"
"17393109","PJ MAIN SIC","SELANGOR"
"17393477","IBS GL SETTLEMENT ACCOUNT","FED. TERRITORY"
"3426980","PONTIAN","JOHOR"
"17393113","SUNGAI BESAR SIC","SELANGOR"
"3426837","IBS JLN RAJA MUDA, KL","FED. TERRITORY"
"17393418","IBS PWC BANDAR UTAMA","SELANGOR"
"3426122","KELAPA SAWIT SC","JOHOR"
"17393494","MFB KBB PETALING JAYA","SELANGOR"
"17392945","RAQM PENANG/KEDAH/PERLIS","PENANG"
"3426816","IBS BANDAR BUKIT TINGGI 1","SELANGOR"
"3426675","IBS SELAMA SC","PERAK"
"3426635","IBS JLN ONG YI HOW, BUTTERWORT","PENANG"
"3426610","IBS BANDAR PUSAT JENGKA","PAHANG"
"17392928","MONEYGRAM SETTLEMENT ACCOUNT","FED. TERRITORY"
"3426450","JLN SULTAN ISMAIL, KL","FED. TERRITORY"
"3426936","AFC BAGAN","PENANG"
"3426570","IBS JLN KEBUN SULTAN, KB","KELANTAN"
"3426204","JLN BESERAH, KUANTAN","PAHANG"
"17393128","BURMAH HOUSE SIC","PENANG"
"17393111","SS2 SIC","SELANGOR"
"17392987","PWC PRIMA SQUARE, SANDAKAN","SABAH"
"17393620","PONTIAN","JOHOR"
"3426839","IBS JLN KLANG LAMA, KL","FED. TERRITORY"
"426977","PWC BURMAH HOUSE","PENANG"
"17393656","BUTTERWORTH TRADE FINANCE CENTRE","PENANG"
"17393473","TAWAU BC","SABAH"
"426983","GREENTOWN","PERAK"
"17393637","USJ","SELANGOR"
"17393660","BANGSAR BARU TRADE FINANCE CENTRE","FED. TERRITORY"
"17393153","EIM REG PKP","SELANGOR"
"3426566","IBS RANTAU PANJANG SC","KELANTAN"
"17393681","IBS PUDU TRADE FINANCE CENTRE","FED. TERRITORY"
"3426898","IBS PWL PAVILLION","FED. TERRITORY"
"17392964","PWC SHAH ALAM","SELANGOR"
"426998","AMPANG PARK","FED. TERRITORY"
"17393561","MFB IBS KBB IPOH","PERAK"
"17393027","RFS PENANG/KEDAH/PERLIS            #","PENANG"
"17392968","PWC SS2, PJ","SELANGOR"
"17393580","IBS MFB WILAYAH LOC","FED. TERRITORY"
"17392825","KIOSK PENANG ROAD","PENANG"
"3426139","MIB LARKIN PERDANA, JB","JOHOR"
"17392884","FB JLN BUNUS, KL","FED. TERRITORY"
"17393658","IPOH TRADE FINANCE CENTRE","PERAK"
"17392821","KIOSK TEMERLOH","PAHANG"
"3426244","TASEK GELUGOR SC","PENANG"
"17393456","SUBANG BC","SELANGOR"
"3427016","AFC WISMA SATOK","SARAWAK"
"3426860","IBS BUKIT DAMANSARA","FED. TERRITORY"
"17392943","RAQM PAHANG/KELANTAN/TRENGGANU","PAHANG"
"17393170","TNG SETTLEMENT","FED. TERRITORY"
"3426955","AFC MEDAN TUANKU","FED. TERRITORY"
"3426963","AFC SIBU CENTRAL","SARAWAK"
"3426528","IBS JLN ZABEDAH, BP","JOHOR"
"17393502","MFB KBB SEGAMAT","JOHOR"
"17393517","KAMPAR","PERAK"
"17393311","IBS KIOSK BKT MERTAJAM","PENANG"
"17393492","MFB SIME SELAYANG","FED. TERRITORY"
"17393105","EFS KOTA KINABALU","SABAH"
"3426661","IBS GERIK","PERAK"
"427002","KEPONG PRIMA","FED. TERRITORY"
"3426284","KUNAK SC","SABAH"
"17393578","IBS MFB ALOR SETAR LOC","KEDAH"
"17393639","KOTA TINGGI","JOHOR"
"3426187","NILAI","NEGERI SEMBILAN"
"17393210","MICRO CREDIT HUB KOTA BHARU","KELANTAN"
"3426166","JLN KEBUN SULTAN, KB","KELANTAN"
"3426448","MENARA PROMENADE","FED. TERRITORY"
"3426650","IBS SEBERANG JAYA","PENANG"
"45968020","VIRTUAL ACCOUNT 0056","FED. TERRITORY"
"3426894","IBS TMN KINRARA, S'GOR","SELANGOR"
"17393294","IBS KIOSK KULIM","KEDAH"
"17393538","AUTOPHONE CENTRE","FED. TERRITORY"
"3426711","IBS MIB SADONG JAYA","SABAH"
"3426629","IBS BUTTERWORTH","PENANG"
"17392743","CARDS VIRTUAL BRANCH LENDING","FED. TERRITORY"
"17392840","SME BKG REGION PAHANG/KELANTAN/TERENGANU","PAHANG"
"17392802","KIOSK SG PETANI SST","KEDAH"
"17392905","FB KK INT'L AIRPORT DEPARTURE","SABAH"
"3426099","MERSING","JOHOR"
"3426511","IBS PAGOH SC","JOHOR"
"3426141","AEON BUKIT INDAH, JB SC","JOHOR"
"17393212","EIK IPOH MAIN","FED. TERRITORY"
"3426879","IBS SEGAMBUT","FED. TERRITORY"
"3426545","IBS PEKAN MELAYU","KEDAH"
"17392834","SME BKG PUDU","FED. TERRITORY"
"17393204","MICRO CREDIT HUB KUANTAN","PAHANG"
"17393235","HONG KONG BRANCH",""
"17393023","PENANG BUSINESS CENTRE             #","PENANG"
"3426856","IBS TMN SEGAR, KL","FED. TERRITORY"
"17393214","EIK PARIT BUNTAR","FED. TERRITORY"
"3426829","IBS KUALA LUMPUR MAIN","FED. TERRITORY"
"3426307","VIRTUAL BANKING","SELANGOR"
"17393435","IBS PWC KARAMUNSING","SABAH"
"17393433","IBS PWC PELITA COMMERCIAL CTR","SARAWAK"
"17393046","RFS SARAWAK                        #","SARAWAK"
"3427022","SHAH ALAM","SELANGOR"
"3426713","IBS MILE 4 TAWAU","SABAH"
"3426389","BANDAR BUKIT TINGGI 1","SELANGOR"
"3426654","IBS TASEK GELUGOR SC","PENANG"
"426979","TAIPING","PERAK"
"3426097","KOTA TINGGI","JOHOR"
"17392861","SME SITIAWAN","PERAK"
"17392760","KIOSK SEKSYEN 5 WANGSA MAJU","FED. TERRITORY"
"17393677","IBS SHAH ALAM TRADE FINANCE CENTRE","SELANGOR"
"3426427","BUKIT DAMANSARA","FED. TERRITORY"
"3426551","IBS PULAU LANGKAWI","KEDAH"
"3426198","BUKIT UBI","PAHANG"
"3426105","PEKAN NENAS","JOHOR"
"17392739","MAYBANK","FED. TERRITORY"
"3426795","IBS INTAN MILLENNIUM","SELANGOR"
"3426282","INANAM","SABAH"
"3426347","BANDAR SUNWAY","SELANGOR"
"3426997","TAMAN MALURI","FED. TERRITORY"
"427004","EIK BKT TINGGI","FED. TERRITORY"
"17393353","IBS FB MID VALLEY MEGAMALL","FED. TERRITORY"
"17392903","FB KOTA BHARU AIRPORT","KELANTAN"
"17393328","IBS KIOSK SEMENYIH MOSE","SELANGOR"
"3427014","IBS MAYFIN CENTRE JURU","PENANG"
"17393217","EIK BKT MERTAJAM","FED. TERRITORY"
"3426900","IBS KOMPLEKS MAHKAMAH SC","FED. TERRITORY"
"17393290","IBS KIOSK BATU PAHAT","JOHOR"
"3426469","MENARA PNB SC","FED. TERRITORY"
"17393618","JALAN KELANG LAMA(OUG)","FED. TERRITORY"
"17393357","IBS FB KLIA DEPARTURE HALL","SELANGOR"
"17393372","IBS FB AEON BUKIT INDAH, JB","JOHOR"
"3426553","IBS MERGONG","KEDAH"
"17393025","CAC PENANG                         #","PENANG"
"3426751","IBS SUBANG PERDANA","SELANGOR"
"17393229","NEGERI SEMBILAN","FED. TERRITORY"
"17392819","KIOSK NILAI","NEGERI SEMBILAN"
"3426143","JOHOR PREMIUM OUTLETS SC","JOHOR"
"17393130","KUANTAN SIC","PAHANG"
"3426303","KAPIT","SARAWAK"
"17393227","TRENGGANU","FED. TERRITORY"
"17392804","KIOSK KAJANG MOSE","SELANGOR"
"3426261","KAMPONG KOH, SITIAWAN SC","PERAK"
"3426549","IBS SUNGAI PETANI","KEDAH"
"3426509","IBS TMN JOHOR JAYA, JB","JOHOR"
"3426364","PWC PJ NEW TOWN","SELANGOR"
"3426490","IBS PONTIAN","JOHOR"
"3426385","BANDAR UTAMA","SELANGOR"
"3426530","IBS RENGIT","JOHOR"
"17393416","IBS PWC PJ NEW TOWN","SELANGOR"
"427013","EIK KEPONG","FED. TERRITORY"
"3426194","CAMERON HIGHLANDS","PAHANG"
"3426747","IBS PORT KLANG","SELANGOR"
"3426799","IBS PUSAT BANDAR PUCHONG","SELANGOR"
"3426728","IBS WISMA SATOK","SARAWAK"
"17393597","MENTAKAB","PAHANG"
"17392989","PWC TAWAU","SABAH"
"17393040","CCC SABAH                          #","SABAH"
"3426877","IBS DESA PANDAN","FED. TERRITORY"
"3426978","AFC LANGKAWI","KEDAH"
"17393307","IBS KIOSK KOTA SENTOSA","SARAWAK"
"3426324","KUALA KUBU BHARU","SELANGOR"
"3426694","IBS PADANG BESAR SC","PERLIS"
"17393208","MICRO CREDIT HUB JALAN BUNUS","FED. TERRITORY"
"46349922","KIOSK TAYLOR'S UNIVERSITY","SELANGOR"
"3426633","IBS GELUGOR","PENANG"
"3426242","QUEENSBAY MALL","PENANG"
"3426158","KUALA KRAI","KELANTAN"
"3426425","JLN 222, PJ","SELANGOR"
"3426181","PORT DICKSON","NEGERI SEMBILAN"
"426996","JERTEH","TERENGGANU"
"3426732","IBS BAU","SARAWAK"
"3426999","JOHOR JAYA","JOHOR"
"17393612","MFB IBU - HO","FED. TERRITORY"
"3426715","IBS RANAU","SABAH"
"17392800","KIOSK DONGGONGON","SABAH"
"17393475","BINTULU BC","SARAWAK"
"426994","MENARA KLANG","SELANGOR"
"17393679","IBS BATU KOMPLEKS TRADE FINANCE CENTRE","FED. TERRITORY"
"17393574","MFB IBS PENANG LOAN","PENANG"
"17392766","KIOSK QUEENSBAY MALL","PENANG"
"427038","EIK MELAKA RAYA","FED. TERRITORY"
"3426467","KOMPLEKS MAHKAMAH SC","FED. TERRITORY"
"3426606","IBS BUKIT UBI","PAHANG"
"3426238","MIB BAYAN BARU","PENANG"
"17393196","CENTRAL MICRO CREDIT PKP","PENANG"
"3426145","ALOR SETAR","KEDAH"
"17393616","SEGAMAT SUB","JOHOR"
"3426120","ULU TIRAM","JOHOR"
"17393006","JOHORE   EFS                       #","JOHOR"
"17392844","SME BANDAR PUTERI PUCHONG","SELANGOR"
"3426854","IBS KOMPLEKS WILAYAH","FED. TERRITORY"
"3426265","PENGKALAN HULU SC","PERAK"
"3426915","MFB KBB KOTA KINABALU","SABAH"
"3426669","IBS SLIM RIVER","PERAK"
"3426690","IBS GUNUNG RAPAT","PERAK"
"3426320","TANJONG KARANG","SELANGOR"
"17392882","FB KL SENTRAL","FED. TERRITORY"
"3426387","BANDAR PUTERI PUCHONG","SELANGOR"
"427034","EIK OLD KLANG ROAD","FED. TERRITORY"
"3426648","IBS MIB BAYAN BARU","PENANG"
"3426755","IBS SEKINCHAN","SELANGOR"
"17393675","IBS JOHORE BAHRU TRADE FINANCE CENTRE","JOHOR"
"17393250","IBS PENGKALAN CHEPA","KELANTAN"
"17393410","IBS EARLY CARE CENTRE","FED. TERRITORY"
"427036","EIK BDR SG LONG","FED. TERRITORY"
"3426591","IBS MANTIN","NEGERI SEMBILAN"
"3426627","IBS BANDAR PERDA, BKT MERTAJAM","PENANG"
"17392842","SME BKG REGION SABAH","SABAH"
"3426326","SABAK BERNAM","SELANGOR"
"17393507","MFB KBB KUANTAN","PAHANG"
"17393526","SARIKEI","SARAWAK"
"3426665","IBS BATU GAJAH","PERAK"
"17393172","CALL CENTER SETTLEMENT","FED. TERRITORY"
"3426522","IBS KELAPA SAWIT SC","JOHOR"
"17393349","IBS KIOSK TAMAN TAS","PAHANG"
"17393050","SENTUL RAYA BUSINESS CENTRE        #","FED. TERRITORY"
"17393324","IBS KIOSK KAJANG MOSE","SELANGOR"
"3426101","LABIS","JOHOR"
"3426814","IBS BANDAR PUTERI PUCHONG","SELANGOR"
"17392817","KIOSK JLN TEBRAU","JOHOR"
"427057","IBS CAC KL MAIN","FED. TERRITORY"
"17393269","IBS KIOSK TESCO KAJANG","SELANGOR"
"43305055","BOEUNG KENG KANG BRANCH",""
"17392865","SME PRAI","PENANG"
"3426917","MFB PENANG LOAN","PENANG"
"3426587","IBS PORT DICKSON","NEGERI SEMBILAN"
"17392981","PWC PENANG MAIN","PENANG"
"3426749","IBS KAPAR","SELANGOR"
"3426812","IBS BANDAR UTAMA","SELANGOR"
"3426322","BANTING","SELANGOR"
"17392878","SME KEMAMAN","TERENGGANU"
"3427018","MELAKA","MELAKA"
"3426564","IBS GUA MUSANG","KELANTAN"
"3426572","IBS JLN MUNSHI ABDULLAH, MELAK","MELAKA"
"3426343","BANDAR BARU BANGI","SELANGOR"
"17392863","SME TAIPING","PERAK"
"3426362","SEKSYEN 15, SHAH ALAM","SELANGOR"
"17393107","BINTULU BUSINESS CENTRE","SARAWAK"
"17392838","SME BKG REGION PENANG/KEDAH/PERLIS","PENANG"
"3426328","KLANG","SELANGOR"
"17392922","MENTAKAB SSC","PAHANG"
"3426507","IBS SIMPANG RENGGAM","JOHOR"
"3426768","IBS BANDAR BARU BANGI","SELANGOR"
"43305051","AEON MALL SHAH ALAM","SELANGOR"
"17393684","IBS KL TRADE FINANCE CENTRE","FED. TERRITORY"
"17393641","MFB RELAU","PENANG"
"17393065","KAJANG BUSINESS CENTRE             #","SELANGOR"
"3426589","IBS KUALA KLAWANG","NEGERI SEMBILAN"
"17392758","KIOSK SITIAWAN","PERAK"
"17393231","JOHOR","FED. TERRITORY"
"3426444","MENARA PGRM","FED. TERRITORY"
"17393557","MFB IBS KBB PETALING JAYA","SELANGOR"
"17393166","EFTPOS COMMISSION","FED. TERRITORY"
"3426852","IBS JINJANG","FED. TERRITORY"
"17392779","EIK BKT BINTANG","FED. TERRITORY"
"3426116","TMN DAYA, JB","JOHOR"
"17393330","IBS KIOSK KLUANG","JOHOR"
"3426631","IBS BAYAN LEPAS","PENANG"
"17393061","SHAH ALAM BUSINESS CENTRE          #","SELANGOR"
"17393614","MELAKA BUNGA RAYA","MELAKA"
"3426734","IBS BOULEVARD CTR, MIRI","SARAWAK"
"3426484","CASH MANAGEMENT, ATM SST","FED. TERRITORY"
"3426671","IBS IPOH GARDEN","PERAK"
"426973","KUANTAN MAIN","PAHANG"
"17392737","MALIM NAWAR SC","PERAK"
"17392924","PROPERTY DEPT.","FED. TERRITORY"
"17392933","MALACCA OSC","MELAKA"
"17393412","IBS PWC INTAN MILLENNIUM","SELANGOR"
"3426366","SELAYANG JAYA","SELANGOR"
"3426760","IBS TMN SETIAWANGSA, KL","FED. TERRITORY"
"17393341","IBS KIOSK TEMERLOH","PAHANG"
"17393631","PORT KLANG","SELANGOR"
"3426974","AFC TEMERLOH","PAHANG"
"3426114","TAMPOI","JOHOR"
"3426219","BANDAR PERDA, BKT MERTAJAM","PENANG"
"3426673","IBS KAMPONG KOH, SITIAWAN SC","PERAK"
"3426480","K. L CENTRALISED PAYMENTS DEPT.","FED. TERRITORY"
"3426896","IBS ALAM DAMAI","FED. TERRITORY"
"3426446","MIB WANGSA MAJU","FED. TERRITORY"
"427053","EIK BERCHAM","FED. TERRITORY"
"3426547","IBS KULIM","KEDAH"
"3426383","SETIA ALAM, SHAH ALAM","SELANGOR"
"17393511","MFB WILAYAH LOC","FED. TERRITORY"
"3426959","AFC SETAPAK","FED. TERRITORY"
"17392985","PWC SIBU","SARAWAK"
"17392756","KIOSK JELAPANG","PERAK"
"17393633","TAMAN MALURI","FED. TERRITORY"
"17392836","SME BKG REGION FEDERAL TERRITORY","FED. TERRITORY"
"427015","EIK BKT DAMANSARA","FED. TERRITORY"
"45968033","MIB VIRTUAL ACCOUNT 5059","FED. TERRITORY"
"17393366","IBS FB FIRST WORLD HOTEL PLAZA","PAHANG"
"17393147","SIC PUCHONG JAYA","SELANGOR"
"17393509","MFB SEREMBAN LOC","NEGERI SEMBILAN"
"46349920","KIOSK UNIVERSITI MALAYSIA SABAH","SABAH"
"45968016","VIRTUAL ACCOUNT 0052","FED. TERRITORY"
"17393513","MFB SIMPANG KUALA","KEDAH"
"3426177","CHENG","MELAKA"
"17392880","FB KOTARAYA SHOPPING COMPLEX","FED. TERRITORY"
"17392794","KIOSK TESCO SEMENYIH","SELANGOR"
"17393069","RFS SELANGOR","SELANGOR"
"17393553","MFB IBS SIME PENANG","PENANG"
"3426221","BUTTERWORTH","PENANG"
"3426806","IBS DAMANSARA DAMAI","SELANGOR"
"17393488","MFB SIME KLANG","SELANGOR"
"17393480","TAMAN SERI GOMBAK","SELANGOR"
"17393191","MEPS EPOS ACQUIRING A/C","FED. TERRITORY"
"3426301","KOTA SENTOSA, KUCHING","SARAWAK"
"3426791","IBS SEMENYIH","SELANGOR"
"3426770","IBS PJ OLD TOWN","SELANGOR"
"3426774","IBS PUCHONG JAYA","SELANGOR"
"17393265","IBS KIOSK AEON MELAKA","MELAKA"
"3426263","SELAMA SC","PERAK"
"3426932","KUANTAN","PAHANG"
"17393389","IBS IPOH OSC","PERAK"
"3426608","IBS MUADZAM SHAH","PAHANG"
"3426217","PENANG TIMES SQUARE","PENANG"
"3426993","AFC PUSAT BANDAR PUCHONG","SELANGOR"
"3426505","IBS SUNGAI RENGIT","JOHOR"
"3427031","PETALING JAYA","SELANGOR"
"17393530","KEPONG BARU","FED. TERRITORY"
"3426835","IBS JLN IPOH, KL","FED. TERRITORY"
"17393572","MFB IBS KBB TEMERLOH","PAHANG"
"3426503","IBS PEKAN NENAS","JOHOR"
"17392918","CAC PENANG/KEDAH/PERLIS","PENANG"
"17392777","KIOSK CHANGLUN","KEDAH"
"3427037","TAIPING","PERAK"
"426984","KOTA KINABALU","SABAH"
"17393452","KUCHING BC","SARAWAK"
"3426423","TMN SEGAR, KL","FED. TERRITORY"
"17392971","PWC BANGSAR BARU","FED. TERRITORY"
"3426905","IBS MIB MELAKA","MELAKA"
"3426907","IBS MIB I-CITY, SHAH ALAM SC","SELANGOR"
"3427035","BUKIT BINTANG","FED. TERRITORY"
"3426909","IBS CHEQUE PROCESSING CENTRE","FED. TERRITORY"
"17393225","PERLIS","FED. TERRITORY"
"17393536","SPEEDS UNIT","FED. TERRITORY"
"426988","LIMBANG","SARAWAK"
"3426957","AFC SUBANG JAYA","SELANGOR"
"17392983","PWC JLN ZABEDAH, BP","JOHOR"
"3426335","TMN SETIAWANGSA, KL","FED. TERRITORY"
"17393347","IBS KIOSK C MART AMANJAYA","KEDAH"
"17393145","PLAZA DAMANSARA SIC","FED. TERRITORY"
"17393673","IBS PENANG TRADE FINANCE CENTRE","PENANG"
"17393189","CREDIT CARD CENTRE-BATCH SUSP","FED. TERRITORY"
"426975","BENTONG","PAHANG"
"17392796","KIOSK POKOK SENA","KEDAH"
"3426972","AFC TAIPING","PERAK"
"17392769","KIOSK TESCO SUNGAI PETANI","KEDAH"
"3426871","IBS JLN KENANGA, KL","FED. TERRITORY"
"17392916","IPOH OSC","PERAK"
"3426745","IBS KAJANG","SELANGOR"
"3426404","JLN IPOH, KL","FED. TERRITORY"
"3426461","TMN KINRARA, S'GOR","SELANGOR"
"3426875","IBS GLENEAGLES","FED. TERRITORY"
"17393591","KUANTAN","PAHANG"
"3426623","IBS PENANG ROAD","PENANG"
"17393448","PENANG BC","PENANG"
"17393267","IBS KIOSK STATION 18","PERAK"
"17393446","IBS CAC PAHANG/KELANTAN/TERENGGANU","PAHANG"
"17392762","KIOSK KL SENTRAL","FED. TERRITORY"
"17393206","PWC KEPONG PRIMA","FED. TERRITORY"
"3426200","KUALA LIPIS","PAHANG"
"3426764","IBS SUBANG JAYA","SELANGOR"
"17392773","KIOSK GIANT KUALA TERENGGANU","TERENGGANU"
"426982","SITIAWAN","PERAK"
"43305059","NONGDUANG BRANCH",""
"17392798","KIOSK SEREMBAN PRIMA","NEGERI SEMBILAN"
"17392899","FB JOHOR PREMIUM OUTLETS","JOHOR"
"17393368","IBS FB LANGKAWI INT'L AIRPORT","KEDAH"
"3426223","BAYAN LEPAS","PENANG"
"17393122","BATU PAHAT SIC","JOHOR"
"17393595","KOTA KINABALU","SABAH"
"17393021","RRM PAHANG/KELANTAN/TRENGGANU      #","PAHANG"
"3426827","IBS PAKA","TERENGGANU"
"3426995","AFC PANDAMARAN","SELANGOR"
"17393141","BINTULU SIC","SARAWAK"
"17393082","PERAK EFS","PERAK"
"17393002","FOREIGN DD PAYABLE","FED. TERRITORY"
"17393181","MALAYAN BANKING BERHAD","FED. TERRITORY"
"17393244","PENANG DATA ENTRY UNIT","PENANG"
"17393332","IBS KIOSK KEMAMAN","TERENGGANU"
"3426095","JLN AWANG, SEGAMAT SC","JOHOR"
"3426949","AFC DAMANSARA UTAMA","SELANGOR"
"3427029","SALAK SOUTH","FED. TERRITORY"
"3426318","MATANG JAYA","SARAWAK"
"17393391","IBS CAC PENANG/KEDAH/PERLIS","PENANG"
"3426167","KUBANG KERIAN","KELANTAN"
"3426465","PWL PAVILLION","FED. TERRITORY"
"17393185","MBB SUBSIDIARIES","FED. TERRITORY"
"17393417","IBS PWC SS2, PJ","SELANGOR"
"3426762","IBS TMN MELAWATI, KL","SELANGOR"
"3426924","MFB KUCHING SELATAN","SARAWAK"
"3426400","DUNGUN","TERENGGANU"
"3427010","TAMAN PERLING","JOHOR"
"3426911","AFC JLN SKUDAI","JOHOR"
"43305057","MAYBANK MUMBAI BRANCH",""
"3426987","KOTA KINABALU SUB","SABAH"
"3426753","IBS SHAH ALAM MAIN","SELANGOR"
"3426934","AFC KOTA BHARU","KELANTAN"
"17393484","MFB SIME BRINCHANG","PAHANG"
"17392815","KIOSK T.MELAKA RAYA","MELAKA"
"17393471","SIBU BC","SARAWAK"
"3426890","IBS MIB SRI GOMBAK, KL","SELANGOR"
"3426709","IBS PUTATAN","SABAH"
"17393654","PJ TRADE FINANCE CENTRE","SELANGOR"
"17392857","SME INANAM","SABAH"
"3426520","IBS ULU TIRAM","JOHOR"
"17392748","KIOSK ECONSAVE ALAM JAYA","SELANGOR"
"17393143","KEPONG SIC","SELANGOR"
"3426968","AFC LAGENDA HEIGHTS, SG PETANI","KEDAH"
"427028","EIK IPOH GARDEN","FED. TERRITORY"
"17392901","FB PANTAI TIMUR SHOPPING CTR,","KELANTAN"
"17392937","MERCHANT","FED. TERRITORY"
"17393086","SIC PERLIS/KEDAH/PENANG","PENANG"
"3426339","SUBANG JAYA","SELANGOR"
"3426602","IBS TEMERLOH","PAHANG"
"3426604","IBS TRIANG","PAHANG"
"3426810","IBS SETIA ALAM, SHAH ALAM","SELANGOR"
"3426663","IBS KUALA KANGSAR","PERAK"
"3426976","KEPONG","FED. TERRITORY"
"3426585","IBS KUALA PILAH","NEGERI SEMBILAN"
"17393431","IBS PWC KUANTAN","PAHANG"
"3426417","JLN GOMBAK, KL","FED. TERRITORY"
"3426133","JLN GENUANG, SEGAMAT","JOHOR"
"3426756","IBS KUALA SELANGOR","SELANGOR"
"17392823","KIOSK SANDAKAN HARBOUR","SABAH"
"3426953","AFC JLN KLANG LAMA","FED. TERRITORY"
"3427033","KAJANG","SELANGOR"
"17393120","TANJUNG MALIM SIC","PERAK"
"3426345","PJ OLD TOWN","SELANGOR"
"17393427","IBS PWC JOHOR BAHRU","JOHOR"
"17393532","M'SIA TRANS AT MBB SGP","SELANGOR"
"17393570","MFB IBS KBB KOTA KINABALU","SABAH"
"3426112","PAGOH SC","JOHOR"
"17393063","PETALING JAYA BUSINESS CENTRE      #","SELANGOR"
"17393160","VISA INTERLINK ACQ A/C","FED. TERRITORY"
"3426421","KOMPLEKS WILAYAH","FED. TERRITORY"
"3426402","JLN TUANKU ABD RAHMAN, KL","FED. TERRITORY"
"3426255","LENGGONG SC","PERAK"
"17392958","AUTOPHONE/ET SERVICE CHARGE","FED. TERRITORY"
"17393555","MFB IBS SIME JLN IPOH","FED. TERRITORY"
"17393326","IBS KIOSK MIDVALLEY MOSE","FED. TERRITORY"
"3426846","IBS JLN YONG SHOOK LIN, PJ","SELANGOR"
"3426556","IBS GURUN","KEDAH"
"17393240","MYANMAR REPRESENTATIVE OFFICE",""
"17392941","RAQM SELANGOR/NEGERI SEMBILAN","SELANGOR"
"3426432","WANGSA MAJU","FED. TERRITORY"
"17393288","IBS KIOSK TESCO CHENG","MELAKA"
"17393551","MFB IBS SIME JOHOR BHARU","JOHOR"
"3426796","IBS PUTRA INDAH","SELANGOR"
"3426476","MIB GUNUNG RAPAT","PERAK"
"3426901","IBS LABUAN","LABUAN"
"3426583","IBS MITC AYER KEROH","MELAKA"
"17392895","FB KINTA CITY SHOPPING CTR","PERAK"
"3426707","IBS BANDAR SAHABAT SC","SABAH"
"17393454","SENTUL RAYA BC","FED. TERRITORY"
"17392729","ABB ATM SETTLEMENT","FED. TERRITORY"
"17392781","KIOSK AMPANG POINT","SELANGOR"
"3426358","PANDAMARAN","SELANGOR"
"3427048","AFC PRIMA SQUARE SANDAKAN","SABAH"
"3426705","IBS SIPITANG","SABAH"
"17393429","IBS PWC BURMAH HOUSE","PENANG"
"3426644","IBS ALMA","PENANG"
"3426667","IBS LENGGONG SC","PERAK"
"3426341","TMN PUTRA, AMPANG","SELANGOR"
"17392897","FB HARBOUR PARK","KEDAH"
"426965","TMN JOHOR JAYA, JB","JOHOR"
"17392870","SME PERMAS JAYA","JOHOR"
"426992","KAJANG","SELANGOR"
"17393444","ALOR SETAR BC","KEDAH"
"17393606","PUDU","FED. TERRITORY"
"3426463","ALAM DAMAI","FED. TERRITORY"
"427009","EIK SHAH ALAM","FED. TERRITORY"
"45968018","VIRTUAL ACCOUNT 0054","FED. TERRITORY"
"3426991","BAHAU","NEGERI SEMBILAN"
"17393078","SABAH LMC                          #","SABAH"
"3426970","AFC KUALA LUMPUR MAIN","FED. TERRITORY"
"17392977","PWC IPOH MAIN, JSIS","PERAK"
"3426743","IBS MATANG JAYA","SARAWAK"
"17393004","JB ZONE 1 BUSINESS CENTRE","JOHOR"
"3426686","IBS HUTAN MELINTANG","PERAK"
"3426913","AFC INANAM","SABAH"
"46349929","IBS KIOSK MANIPAL UNI","NEGERI SEMBILAN"
"17393303","IBS KIOSK TAIPING","PERAK"
"427041","EIK TMN INTAN","FED. TERRITORY"
"17392741","LABUAN","LABUAN"
"43305053","TAKEO BRANCH",""
"17393671","IBS KUALA LUMPUR TRADE PROCESSING CENTRE","FED. TERRITORY"
"426969","TMN RIA JAYA, SG PETANI","KEDAH"
"3426202","BANDAR PUSAT JENGKA","PAHANG"
"17393282","IBS KIOSK KL SENTRAL","FED. TERRITORY"
"17392859","SME PASARAYA","SABAH"
"17393528","PJ OLD TOWN","SELANGOR"
"3426682","IBS SITIAWAN","PERAK"
"17392752","KIOSK CENTRE POINT","SABAH"
"3426173","PLAZA MELAKA","MELAKA"
"17393080","PAHANG/KELANTAN/TRG LMC            #","PAHANG"
"17393164","IB FPX SETTLEMENT","FED. TERRITORY"
"17393036","RRM PERAK                          #","PERAK"
"17393467","TUN PERAK BC","FED. TERRITORY"
"3426873","IBS MID VALLEY","FED. TERRITORY"
"3426278","TAWAU","SABAH"
"3426844","IBS PETALING JAYA MAIN","SELANGOR"
"3426270","HUTAN MELINTANG","PERAK"
"3426600","IBS KUALA ROMPIN","PAHANG"
"17392920","ASSET QUALITY MANAGEMENT","FED. TERRITORY"
"3426289","PUTATAN","SABAH"
"3426240","SEBERANG JAYA","PENANG"
"17392754","KIOSK AMPANG PARK","FED. TERRITORY"
"17392801","KIOSK SETAPAK","FED. TERRITORY"
"3427046","SITIAWAN","PERAK"
"3426306","SARIKEI","SARAWAK"
"17393118","IPOH GARDEN SIC","PERAK"
"17392975","PWC WISMA GENTING","FED. TERRITORY"
"3426360","TMN BUKIT EMAS, PJ","SELANGOR"
"3426772","IBS BANDAR SUNWAY","SELANGOR"
"17393461","KAJANG BC","SELANGOR"
"3426568","IBS TUMPAT SC","KELANTAN"
"3426724","IBS KOTA SENTOSA, KUCHING","SARAWAK"
"17393076","SARAWAK LMC                        #","SARAWAK"
"17393202","CENTRAL MICRO CREDIT FT","FED. TERRITORY"
"3426501","IBS JLN LARKIN, JB","JOHOR"
"17393345","IBS KIOSK PENANG ROAD","PENANG"
"17392960","REGIONAL CORPORATE BANKING - SABAH","SABAH"
"3426196","GENTING HIGHLANDS","PAHANG"
"17393610","LAHAD DATU","SABAH"
"3426188","SENAWANG","NEGERI SEMBILAN"
"17392727","HO CHI MINH,VIETNAM SETTLEMENT","FED. TERRITORY"
"17393387","IBS FB KLIA 2 DEPARTURE","SELANGOR"
"17392893","FB STAR WORLD HOTEL CASINO, GH","PAHANG"
"3426781","IBS KAJANG PRIMA","SELANGOR"
"3426785","IBS MENARA KLANG","SELANGOR"
"3426783","IBS PRIMA AVENUE, CYBERJAYA SC","SELANGOR"
"3426179","KUALA PILAH","NEGERI SEMBILAN"
"3426440","SENTUL RAYA","FED. TERRITORY"
"17393200","CENTRAL MICRO CREDIT SBH","SABAH"
"17393650","MFB SEC 9, SHAH ALAM","SELANGOR"
"17393629","LUKUT/PORT DICKSON","NEGERI SEMBILAN"
"3426804","IBS PUCHONG PRIMA","SELANGOR"
"17393370","IBS FB SENAI AIRPORT","JOHOR"
"3426930","AFC WISMA SATOK","SARAWAK"
"17393042","MIRI BUSINESS CENTRE               #","SARAWAK"
"17393337","IBS KIOSK JLN TEBRAU","JOHOR"
"17393425","IBS PWC KLCC","FED. TERRITORY"
"17393184","MBB OVERSEAS BRANCH","FED. TERRITORY"
"17393351","IBS REGIONAL CASH MANAGEMENT","FED. TERRITORY"
"3426137","SENAI","JOHOR"
"17393385","IBS FB SAAS AIRPORT","SELANGOR"
"17392792","KIOSK ALAMESRA KK","SABAH"
"17393126","PRAI INDUSTRIAL ESTATE SIC","PENANG"
"17393402","IBS RAQM FEDERAL TERRITORY","FED. TERRITORY"
"3426280","LAHAD DATU","SABAH"
"3426192","MENTAKAB","PAHANG"
"3426396","KUALA BERANG","TERENGGANU"
"3426703","IBS JLN PERPADUAN, KK","SABAH"
"3426438","KUCHAI LAMA","FED. TERRITORY"
"17393568","MFB IBS KBB K TERENGGANU","TERENGGANU"
"3426299","SIBU","SARAWAK"
"17393625","WANGSA MAJU","FED. TERRITORY"
"3426215","PENANG ROAD","PENANG"
"3426951","AFC BINTULU","SARAWAK"
"3426726","IBS KAPIT","SARAWAK"
"17393646","IPOH BERCHAM","PERAK"
"17393459","PETALING JAYA BC","SELANGOR"
"3426865","IBS PANDAN INDAH","FED. TERRITORY"
"17393450","KARAMUNSING BC","SABAH"
"3426369","PUTRA INDAH","SELANGOR"
"17393124","MELAKA SIC","MELAKA"
"17393223","PULAU PINANG","FED. TERRITORY"
"17393350","IBS KIOSK EQUINE PARK","SELANGOR"
"17392931","DCI SETTLEMENT","FED. TERRITORY"
"3426754","IBS KLANG","SELANGOR"
"17393362","IBS FB CASINO ENTRANCE, GH","PAHANG"
"17393137","KUCHING SIC","SARAWAK"
"3426156","LAGENDA HEIGHTS, SG PETANI","KEDAH"
"17393103","RFS MELAKA/N.SEMBILAN","MELAKA"
"17393236","HANOI BRANCH",""
"3426833","IBS AMPANG PARK","FED. TERRITORY"
"3426377","PUCHONG PRIMA","SELANGOR"
"3426720","IBS JLN TAR, KUCHING","SARAWAK"
"17392998","AUDIT OU","FED. TERRITORY"
"17393139","SIBU SIC","SARAWAK"
"17393406","IBS RAQM PERAK","PERAK"
"17393490","MFB SIME KUANTAN","PAHANG"
"17392876","SME KOTA BAHRU","KELANTAN"
"426990","MIB AL-IDRUS","SARAWAK"
"3426922","MFB LMC KUCHING","SARAWAK"
"3427023","KUALA TRENGGANU","TERENGGANU"
"17393183","MALAYAN BANKING BERHAD","FED. TERRITORY"
"3426375","GIZA, KOTA DAMANSARA","SELANGOR"
"3426209","RAUB","PAHANG"
"17393383","IBS FB CENTRE POINT, MIRI","SARAWAK"
"3426171","MERLIMAU","MELAKA"
"3426646","IBS MIB BAGAN BUTTERWORTH","PENANG"
"17393198","CENTRAL MICRO CREDIT PRK","PERAK"
"17393587","IBS MFB RRD CENTRE","FED. TERRITORY"
"3426947","AFC MIRI","SARAWAK"
"3426581","IBS AYER KEROH","MELAKA"
"17392954","REGIONAL RETAIL CREDIT PHG/KELTN/TRG","PAHANG"
"17392962","REGIONAL CORPORATE BANKING - PENANG","PENANG"
"3426297","JLN TAR, KUCHING","SARAWAK"
"3426442","KLCC","FED. TERRITORY"
"17393354","IBS FB KL SENTRAL","FED. TERRITORY"
"17392809","KIOSK T.SETIAWANGSA MOSE","FED. TERRITORY"
"17393489","MFB SIME JOHOR BHARU","JOHOR"
"3426730","IBS SARIKEI","SARAWAK"
"17393286","IBS KIOSK QUEENSBAY MALL","PENANG"
"3426337","TMN MELAWATI, KL","SELANGOR"
"17393097","KUALA T'GANU BUSINESS CENTRE","TERENGGANU"
"3426526","IBS PUS. PERDAGANGAN PASIR GUD","JOHOR"
"17393114","SEREMBAN SIC","NEGERI SEMBILAN"
"17393019","RFS PAHANG/KELANTAN/TRENGGANU      #","PAHANG"
"17393688","IBS BATU PAHAT TRADE FINANCE CENTRE","JOHOR"
"3426640","IBS GREENLANE","PENANG"
"17392731","ETIQA TAKAFUL","FED. TERRITORY"
"17393404","IBS RAQM JOHOR/MELAKA","JOHOR"
"17393301","IBS KIOSK AMPANG POINT","SELANGOR"
"17393162","VISA PLUS ISSUING A/C","FED. TERRITORY"
"3426312","KUCHING SELATAN","SARAWAK"
"17393038","CAC KOTA KINABALU                  #","SABAH"
"17393667","MALACCA TRADE FINANCE CENTRE","MELAKA"
"3426276","KUALA PERLIS SC","PERLIS"
"3426718","IBS MIRI","SARAWAK"
"3426817","IBS SAAS AIRPORT SC","SELANGOR"
"17392994","PWC SETAPAK","FED. TERRITORY"
"3426259","IPOH GARDEN","PERAK"
"3426695","IBS KOTA KINABALU","SABAH"
"3426524","IBS TMN INTAN, KLUANG","JOHOR"
"3426093","BATU PAHAT","JOHOR"
"17393411","IBS RETAIL FINANCING (BR)","FED. TERRITORY"
"17393257","IBS PULAU KETAM SC","SELANGOR"
"3426733","IBS MEDAN JAYA","SARAWAK"
"17393116","KAJANG SIC","SELANGOR"
"3426291","MILE 4 TAWAU","SABAH"
"3426808","IBS BANDAR SUNGAI LONG","SELANGOR"
"3426869","IBS MENARA PERKESO","FED. TERRITORY"
"3426106","BANDAR TENGGARA SC","JOHOR"
"17393248","IBS MAYBANK INVESTMENT BANK","FED. TERRITORY"
"3426499","IBS LABIS","JOHOR"
"17393400","IBS KOTA BHARU OSC","KELANTAN"
"3426888","IBS BANDAR SRI PERMAISURI","FED. TERRITORY"
"17392914","FB CENANG MALL, LANGKAWI","KEDAH"
"17392733","MAYBANK INVESTMENT BANK","FED. TERRITORY"
"3426482","CREDIT ADMINISTRATION CENTRE SARAWAK","SARAWAK"
"427051","EIK SIBU MAIN","FED. TERRITORY"
"17392813","KIOSK NIBONG TEBAL","PENANG"
"17393375","IBS FB KOTA BHARU AIRPORT","KELANTAN"
"3426329","SEKINCHAN","SELANGOR"
"17393549","MFB IBS SIME KL MAIN","FED. TERRITORY"
"17392830","KIOSK EQUINE PARK","SELANGOR"
"17392910","FB MILE 8TH, SANDAKAN","SABAH"
"17393545","MFB IBS SIME BRINCHANG","PAHANG"
"3426966","AFC KAJANG","SELANGOR"
"17393263","IBS ONE CITY USJ","SELANGOR"
"3426514","IBS YONG PENG","JOHOR"
"3426314","BATU KAWAH","SARAWAK"
"17392851","SME WISMA SATOK","SARAWAK"
"17392935","KEDAH/PERLIS OSC","KEDAH"
"17393238","BANDAR SERI BEGAWAN BRANCH",""
"3426118","TMN UNIVERSITI, SKUDAI","JOHOR"
"17393221","SELANGOR","FED. TERRITORY"
"17393408","IBS RAQM SABAH","SABAH"
"427018","EIK JLN AMPANG","FED. TERRITORY"
"3426228","BUKIT MERTAJAM SC","PENANG"
"17393264","DUMMY INSTITUTION FOR CIF COMMON PLATFOR","FED. TERRITORY"
"3426789","IBS BANDAR BARU SELAYANG","SELANGOR"
"3426135","TMN NUSA BESTARI, SKUDAI","JOHOR"
"3426928","AFB JELUTONG","PENANG"
"3426518","IBS TMN UNIVERSITI, SKUDAI","JOHOR"
"3426831","IBS WISMA HANGSAM","FED. TERRITORY"
"17393154","EIM REG FT","SELANGOR"
"3426867","IBS TMN MALURI, KL","FED. TERRITORY"
"3426659","IBS TAIPING","PERAK"
"17393482","MFB PENANG LCC/BC","PENANG"
"3426926","AFC TMN MOLEK, JB","JOHOR"
"3426356","KLIA","SELANGOR"
"17393566","MFB IBS KBB JOHOR BHARU","JOHOR"
"3426257","SLIM RIVER","PERAK"
"17393297","IBS KIOSK CHANGLUN","KEDAH"
"3426253","BATU GAJAH","PERAK"
"3426903","IBS SHAFTSBURY, CYBERJAYA","SELANGOR"
"3426642","IBS PENANG INT'L AIRPORT SC","PENANG"
"3426575","IBS ALOR GAJAH","MELAKA"
"3426878","IBS MIB WANGSA MAJU","FED. TERRITORY"
"3427004","KOTA TINGGI","JOHOR"
"3426543","IBS SETIA TROPIKA, JB","JOHOR"
"3426571","IBS KUBANG KERIAN","KELANTAN"
"3426381","BANDAR SUNGAI LONG","SELANGOR"
"3426562","IBS KUALA KRAI","KELANTAN"
"17392860","SME TELUK INTAN","PERAK"
"3426453","DESA SRI HARTAMAS","FED. TERRITORY"
"3426386","AEON BUKIT TINGGI, KLANG SC","SELANGOR"
"17392912","FB BATU FERRINGHI","PENANG"
"17393379","IBS FB CENTRE POINT, KK","SABAH"
"17393305","IBS KIOSK JLN ABD MUAR","JOHOR"
"3426152","KULIM HI-TECH PARK","KEDAH"
"17393661","BATU KOMPLEKS TRADE FINANCE CENTRE","FED. TERRITORY"
"17393635","JOHOR JAYA","JOHOR"
"3426560","IBS CHANGLUN","KEDAH"
"3426249","TELUK INTAN","PERAK"
"17393242","SINGAPORE MAIN BRANCH",""
"17393419","IBS PWC GIZA, KOTA DAMANSARA","SELANGOR"
"17393059","RRM FEDERAL TERRITORY              #","FED. TERRITORY"
"17392775","KIOSK KUANTAN PARADE","PAHANG"
"3426272","PARIT BUNTAR","PERAK"
"17392832","SME BKG JINJANG","FED. TERRITORY"
"17392885","FB KLIA DEPARTURE HALL","SELANGOR"
"17393295","IBS KIOSK KUANTAN PARADE","PAHANG"
"17393099","SIBU BUSINESS CENTRE","SARAWAK"
"17393135","KOTA KINABALU SIC","SABAH"
"3426596","IBS BANDAR SEREMBAN","NEGERI SEMBILAN"
"427047","EIK ONG YI HOW","FED. TERRITORY"
"3426394","KUALA TERENGGANU","TERENGGANU"
"3426213","JELUTONG","PENANG"
"17393030","TAIPING BUSINESS CENTRE            #","PERAK"
"17392811","KIOSK KOTA TINGGI","JOHOR"
"17393034","RFS PERAK                          #","PERAK"
"3427008","IPOH BERCHAM","PERAK"
"17393503","MFB KBB JOHOR BHARU","JOHOR"
"17393084","SIC PERAK","PERAK"
"3426478","CASH MANAGEMENT","FED. TERRITORY"
"3426625","IBS PENANG TIMES SQUARE","PENANG"
"3426426","JLN TUN H.S. LEE, KL","FED. TERRITORY"
"3426962","PUDU","FED. TERRITORY"
"3426275","KANGAR","PERLIS"
"17392735","KOMPLEKS KERAJAAN IPOH","PERAK"
"3426175","MASJID TANAH","MELAKA"
"17393669","MIRI TRADE FINANCE CENTRE","SARAWAK"
"427007","EIK SEREMBAN MAIN","FED. TERRITORY"
"3426688","IBS PARIT BUNTAR","PERAK"
"17392746","KIOSK KLCC","FED. TERRITORY"
"3426989","YONG PENG","JOHOR"
"17393175","MASTERCARD DEBIT CARD HO","FED. TERRITORY"
"17392767","KIOSK WISMA SATOK","SARAWAK"
"3426110","SKUDAI","JOHOR"
"3426621","IBS JELUTONG","PENANG"
"45968029","MIB VIRTUAL ACCOUNT 5055","FED. TERRITORY"
"17393364","IBS FB MAIN ENTRANCE, GH","PAHANG"
"17393011","RRM JOHOR/MELAKA                   #","JOHOR"
"3426150","PULAU LANGKAWI","KEDAH"
"17392950","REGIONAL RETAIL CREDIT SGOR/NSEMBILAN","SELANGOR"
"3426886","IBS DESA SRI HARTAMAS","FED. TERRITORY"
"17392868","SME JLN LARKIN","JOHOR"
"17393293","IBS KIOSK GIANT KUALA TERENGGANU","TERENGGANU"
"17393072","MUAR BUSINESS CENTRE               #","JOHOR"
"427032","EIK SUBANG JAYA","FED. TERRITORY"
"17393169","ATM/HOME-BANKING SETTLEMENT","FED. TERRITORY"
"17392939","PROPERTY","FED. TERRITORY"
"17393589","AFB IBS JELUTONG","PENANG"
"17393043","KUCHING BUSINESS CENTRE            #","SARAWAK"
"3426310","BOULEVARD CTR, MIRI","SARAWAK"
"3426243","WISMA JELUTONG","PENANG"
"17393177","MBB REGIONAL SWITCH COMMISSION","FED. TERRITORY"
"17393562","MFB IBS KBB SRI MANJUNG","PERAK"
"17393017","CUSTODY SERVICES DEPARTMENT","FED. TERRITORY"
"17393093","JLN TUN PERAK BUSINESS CENTRE      #","FED. TERRITORY"
"3426998","AFC BANTING","SELANGOR"
"3426892","IBS SEKSYEN 5, WANGSA MAJU","FED. TERRITORY"
"3426579","IBS TMN MELAKA RAYA, MELAKA","MELAKA"
"3426819","IBS SERI KEMBANGAN","SELANGOR"
"45968031","MIB VIRTUAL ACCOUNT 5057","FED. TERRITORY"
"3426348","SECTION 14, PJ","SELANGOR"
"3426419","JINJANG","FED. TERRITORY"
"17393284","IBS KIOSK GIANT KINRARA","SELANGOR"
"17393095","SEREMBAN BUSINESS CENTRE           #","NEGERI SEMBILAN"
"3426722","IBS SIBU","SARAWAK"
"426997","JLN PUDU, KL","FED. TERRITORY"
"3426674","IBS SUNGAI SIPUT","PERAK"
"17392956","REGIONAL RETAIL CREDIT SARAWAK","SARAWAK"
"3426678","IBS PENGKALAN HULU SC","PERAK"
"17393398","IBS KEDAH/PERLIS OSC","KEDAH"
"3426415","KEPONG","SELANGOR"
"17393356","IBS FB JLN BUNUS, KL","FED. TERRITORY"
"17393219","MAYBANK (PNG) LIMITED",""
"3426388","SUNWAY PYRAMID SC","SELANGOR"
"3426108","FELDA AIR TAWAR SC","JOHOR"
"3426985","KUALA KRAI","KELANTAN"
"427026","EIK MENGLEMBU","FED. TERRITORY"
"3426392","SERI KEMBANGAN","SELANGOR"
"3427012","MFB JALAN SKUDAI","JOHOR"
"17392872","SME MUAR","JOHOR"
"3426236","MIB BAGAN BUTTERWORTH","PENANG"
"3426302","JLN PENDING, KUCHING","SARAWAK"
"17392786","KIOSK TELUK INTAN","PERAK"
"17393652","BANDAR SUNWAY","SELANGOR"
"3426316","SALIM COMMERCIAL CENTRE","SARAWAK"
"17392750","KIOSK TESCO BUKIT BERUNTUNG","SELANGOR"
"17393463","BATU PAHAT BC","JOHOR"
"17393000","HUMAN RESOURCE OU","FED. TERRITORY"
"427003","PWC PLAZA DAMANSARA","FED. TERRITORY"
"17392874","SME KUANTAN","PAHANG"
"17393032","SITIAWAN BUSINESS CENTRE           #","PERAK"
"17392969","PWC BANDAR UTAMA","SELANGOR"
"3426497","IBS MERSING","JOHOR"
"3426539","IBS PARIT RAJA","JOHOR"
"17393015","MELAKA BUSINESS CENTRE             #","MELAKA"
"3426295","DONGGONGON","SABAH"
"17393579","IBS MFB LOC KUANTAN","PAHANG"
"427005","EIK SS2","FED. TERRITORY"
"17393539","TAMAN SERI GOMBAK","SELANGOR"
"17392790","KIOSK KUALA KANGSAR","PERAK"
"17392820","KIOSK KUALA TERENGGANU","TERENGGANU"
"3426775","IBS KELANA JAYA","SELANGOR"
"17393133","JERTEH SIC","TERENGGANU"
"3426766","IBS TMN PUTRA, AMPANG","SELANGOR"
"3426590","IBS GEMAS","NEGERI SEMBILAN"
"17392979","PWC SETIA TROPIKA, JB","JOHOR"
"17393608","SIBU","SARAWAK"
"3426279","SEMPORNA","SABAH"
"17393213","EIK JURU","FED. TERRITORY"
"3426630","IBS KAMPUNG BARU","PENANG"
"3426842","IBS RIVERCITY, JLN IPOH","FED. TERRITORY"
"3426737","IBS SIBU CENTRAL","SARAWAK"
"17393343","IBS KIOSK SANDAKAN HARBOUR","SABAH"
"3426636","IBS BUKIT MERTAJAM SC","PENANG"
"17393087","SIC PAHANG/KELANTAN/TERENGGANU","PAHANG"
"17393593","MUAR","JOHOR"
"3426884","IBS JLN P.RAMLEE, KL","FED. TERRITORY"
"17392908","FB FAJAR COMPLEX, TAWAU","SABAH"
"17393261","IBS MENARA FELDA, PLATINUM PAR","FED. TERRITORY"
"3426611","IBS KUANTAN MOBILE UNIT","PAHANG"
"3426541","IBS GELANG PATAH, JB","JOHOR"
"3426379","DAMANSARA DAMAI","SELANGOR"
"45968027","MIB VIRTUAL ACCOUNT 5053","FED. TERRITORY"
"3427027","SEREMBAN","NEGERI SEMBILAN"
"427016","EIK JINJANG","FED. TERRITORY"
"17393598","MIRI","SARAWAK"
"46349931","IBS KIOSK IOI CITY MALL","SELANGOR"
"17393276","IBS KIOSK JELAPANG","PERAK"
"17393621","KULIM","KEDAH"
"3426537","IBS TMN SENTOSA, JB SC","JOHOR"
"3426247","PASIR PUTIH","PERAK"
"3426148","SUNGAI PETANI","KEDAH"
"17393415","IBS PWC BANDAR PUTERI PUCHONG","SELANGOR"
"3426535","IBS TMN MOLEK, JB","JOHOR"
"17393013","ALOR STAR BUSINESS CENTRE          #","KEDAH"
"3426434","BANDAR SRI DAMANSARA","SELANGOR"
"17393663","PUDU TRADE FINANCE CENTRE","FED. TERRITORY"
"17393101","TAWAU BUSINESS CENTRE","SABAH"
"3426211","PENANG MAIN","PENANG"
"3426131","BUKIT PASIR, BP","JOHOR"
"17393165","E-CHANNEL COMMISSION","FED. TERRITORY"
"3426451","JLN P.RAMLEE, KL","FED. TERRITORY"
"426971","MELAKA MAIN","MELAKA"
"17393465","MENTAKAB BC","PAHANG"
"3426823","IBS KUALA BERANG","TERENGGANU"
"3426354","TMN SRI GOMBAK, S'GOR","SELANGOR"
"17393179","MBB REGIONAL SWITCH (COUNTER)","FED. TERRITORY"
"427043","EIK KUALA TGANU","FED. TERRITORY"
"17392996","VOSTRO FOREIGN BRANCHES","FED. TERRITORY"
"17393394","IBS MIRI OSC","SARAWAK"
"3427042","TELUK INTAN","PERAK"
"17393396","IBS MALACCA OSC","MELAKA"
"46349927","IBS KIOSK MONASH UNI","SELANGOR"
"3426558","IBS SIMPANG KUALA","KEDAH"
"3426232","PENANG INT'L AIRPORT SC","PENANG"
"3426815","IBS SUNWAY PYRAMID SC","SELANGOR"
"17393278","IBS KIOSK SITIAWAN","PERAK"
"17393211","MICRO CREDIT HUB DONGGONGON","SABAH"
"3426697","IBS TAWAU","SABAH"
"17392778","KIOSK SOGO KL","FED. TERRITORY"
"3426346","WISMA CONSPLANT","SELANGOR"
"3426104","MASAI","JOHOR"
"3426154","CENANG MALL, LANGKAWI SC","KEDAH"
"3426752","IBS SABAK BERNAM","SELANGOR"
"427030","EIK SERI KEMBANGAN","FED. TERRITORY"
"46349925","KIOSK IOI CITY MALL","SELANGOR"
"3426910","MFB CONVERSION CENTER","FED. TERRITORY"
"46349923","KIOSK MANIPAL UNI","NEGERI SEMBILAN"
"17392984","PWC PELITA COMMERCIAL CTR","SARAWAK"
"17393665","KUANTAN TRADE FINANCE CENTRE","PAHANG"
"17393234","LONDON BRANCH",""
"3426825","IBS KERTEH","TERENGGANU"
"17393255","IBS BANDAR RAMAI-RAMAI SC","SABAH"
"3426487","ATM SETTLEMENT","FED. TERRITORY"
"17393246","IBS ETIQA TAKAFUL","FED. TERRITORY"
"3426945","MENTAKAB","PAHANG"
"3426409","BANGSAR BARU","FED. TERRITORY"
"17393585","IBS MFB SIMPANG KUALA","KEDAH"
"17392923","CAC MIRI","SARAWAK"
"3426274","SUNWAY CITY SC","PERAK"
"17393057","RFS FEDERAL TERRITORY              #","FED. TERRITORY"
"3426495","IBS KOTA TINGGI","JOHOR"
"17393604","KEMAMAN","TERENGGANU"
"17393085","SIC JOHOR","JOHOR"
"17393186","RETAIL FINANCIAL SERVICES","FED. TERRITORY"
"17393280","IBS KIOSK SEKSYEN 5 WANGSA MAJU","FED. TERRITORY"
"17392929","WEB BASED SETTLEMENT ACCOUNT","FED. TERRITORY"
"3427021","JOHOR BAHRU","JOHOR"
"3426129","RENGIT","JOHOR"
"17393619","BENTONG","PAHANG"
"3426413","SEA PARK","SELANGOR"
"3426121","TMN PERLING, JB","JOHOR"
"17392889","FB SUNWAY PYRAMID","SELANGOR"
"17393074","KLUANG BUSINESS CENTRENTRE         #","JOHOR"
"3426777","IBS BANDAR BARU SALAK TINGGI S","SELANGOR"
"17393051","PUDU BUSINESS CENTRE               #","FED. TERRITORY"
"3426848","IBS KEPONG","SELANGOR"
"17393360","IBS FB KLIA LCCT","SELANGOR"
"17393423","IBS PWC KUALA LUMPUR MAIN","FED. TERRITORY"
"3426178","MITC AYER KEROH","MELAKA"
"45968023","VIRTUAL ACCOUNT 0059","FED. TERRITORY"
"3426787","IBS UEP SUBANG JAYA SC","SELANGOR"
"17392771","KIOSK CARREFOUR PRAI","PENANG"
"17392973","PWC MONT KIARA","FED. TERRITORY"
"3426680","IBS STATION 18, IPOH","PERAK"
"17393524","BENTONG","PAHANG"
"3427002","USJ","SELANGOR"
"427049","EIK TABUAN JAYA","FED. TERRITORY"
"3426773","IBS SECTION 14, PJ","SELANGOR"
"17393274","IBS KIOSK AMPANG PARK","FED. TERRITORY"
"17393230","MELAKA","FED. TERRITORY"
"3426474","MIB KOTA DAMANSARA","SELANGOR"
"17392990","PWC SEREMBAN","NEGERI SEMBILAN"
"3426802","IBS GIZA, KOTA DAMANSARA","SELANGOR"
"3426794","IBS KELANA BUSINESS CENTRE SC","SELANGOR"
"3426964","AFC AMPANG POINT","SELANGOR"
"3427019","KOTA BHARU","KELANTAN"
"17393457","SHAH ALAM BC","SELANGOR"
"3426361","BANDAR BARU SELAYANG","SELANGOR"
"3426142","SETIA TROPIKA, JB","JOHOR"
"17392866","SME ALOR STAR","KEDAH"
"17393505","MFB KBB K TERENGGANU","TERENGGANU"
"17393676","IBS IPOH TRADE FINANCE CENTRE","PERAK"
"17393486","MFB SIME IPOH","PERAK"
"17392725","LONDON, BRITAIN ATM SETTLEMENT","FED. TERRITORY"
"3426643","IBS JURU","PENANG"
"17393352","IBS FB KOTARAYA SHOPPING COMPL","FED. TERRITORY"
"3426710","IBS LINTAS SQUARE","SABAH"
"3426779","IBS BANDAR BARU KLANG","SELANGOR"
"3426390","SAAS AIRPORT SC","SELANGOR"
"17393259","IBS WANGSA MAJU","FED. TERRITORY"
"17392765","KIOSK AEON BUKIT INDAH JB","JOHOR"
"3426405","BUKIT BINTANG","FED. TERRITORY"
"3426850","IBS JLN GOMBAK, KL","FED. TERRITORY"
"3426373","MIB SEKSYEN 9, SHAH ALAM","SELANGOR"
"46349921","KIOSK MONASH UNI","SELANGOR"
"17392891","FB INTERNATIONAL ROOM, GH","PAHANG"
"43305056","MAYBANK YANGON",""
"426967","JLN ZABEDAH, BP","JOHOR"
"3426577","IBS TMN MALIM JAYA, MELAKA","MELAKA"
"17393318","IBS KIOSK SEREMBAN PRIMA","NEGERI SEMBILAN"
"17393053","SETAPAK BUSINESS CENTRE            #","FED. TERRITORY"
"45968017","VIRTUAL ACCOUNT 0053","FED. TERRITORY"
"3426157","CHANGLUN","KEDAH"
"3426741","IBS SALIM COMMERCIAL CENTRE","SARAWAK"
"3426493","IBS JLN AWANG, SEGAMAT SC","JOHOR"
"17393518","KAMUNTING","PERAK"
"17393564","MFB IBS KBB MELAKA","MELAKA"
"17392986","PWC KARAMUNSING","SABAH"
"3426472","SHAFTSBURY, CYBERJAYA","SELANGOR"
"3426569","IBS MIB KOTA BHARU","KELANTAN"
"3426207","TMN TAS, KUANTAN","PAHANG"
"3426800","IBS MIB SEKSYEN 9, SHAH ALAM","SELANGOR"
"17393070","CCC SELANGOR/N. SEMBILAN           #","SELANGOR"
"17393173","VISA DEBIT CARD HO","FED. TERRITORY"
"3426398","MIB KUALA TERENGGANU","TERENGGANU"
"3426699","IBS LAHAD DATU","SABAH"
"17392807","KIOSK SUBANG JAYA SS15","SELANGOR"
"17392736","PERSIARAN GREENHILL, IPOH","PERAK"
"3426838","IBS KOMPLEKS DAYABUMI","FED. TERRITORY"
"17393547","INANAM","SABAH"
"3426293","RANAU","SABAH"
"17393339","IBS KIOSK NILAI","NEGERI SEMBILAN"
"3426190","BANDAR SEREMBAN","NEGERI SEMBILAN"
"17393381","IBS FB SANDAKAN","SABAH"
"3426123","KOTA ISKANDAR, NUSAJAYA SC","JOHOR"
"3426701","IBS INANAM","SABAH"
"17392963","PWC INTAN MILLENNIUM","SELANGOR"
"3426144","PEKAN MELAYU","KEDAH"
"45968019","VIRTUAL ACCOUNT 0055","FED. TERRITORY"
"17392887","FB KLIA ARRIVAL HALL","SELANGOR"
"3426533","IBS TMN MELODIES, JB","JOHOR"
"17393522","MELAKA BUNGA RAYA","MELAKA"
"17393146","TAMAN SETIAWANGSA SIC","FED. TERRITORY"
"427045","EIK KUCHAI LAMA","FED. TERRITORY"
"17393434","IBS PWC SIBU","SARAWAK"
"17393476","IBS MAYBANK FACTORING","FED. TERRITORY"
"17392858","SME TAWAU","SABAH"
"17393312","IBS KIOSK ALAMESRA KK","SABAH"
"17392763","KIOSK SUNWAY PIRAMID","SELANGOR"
"17393320","IBS KIOSK DONGGONGON","SABAH"
"43305054","KRONG SUONG BRANCH",""
"3426457","MIB SRI GOMBAK, KL","SELANGOR"
"17393009","RFS JOHOR","JOHOR"
"3426235","BANDAR BARU AIR ITAM","PENANG"
"17393310","IBS KIOSK KUALA KANGSAR","PERAK"
"3426830","IBS JLN TUANKU ABD RAHMAN, KL","FED. TERRITORY"
"3426758","IBS SELAYANG","FED. TERRITORY"
"3426510","IBS PARIT JAWA SC","JOHOR"
"3426333","PULAU KETAM SC","SELANGOR"
"3426125","JLN SEGGET, JB","JOHOR"
"17393493","MFB SIME SEREMBAN","NEGERI SEMBILAN"
"17393469","KUALA TERENGGANU BC","TERENGGANU"
"3426230","SIMPANG AMPAT","PENANG"
"17392822","KIOSK RANAU","SABAH"
"3426455","BANDAR SRI PERMAISURI","FED. TERRITORY"
"17392841","SME BKG REGION JOHOR/MELAKA","JOHOR"
"17393627","AYER ITAM","PENANG"
"3426739","IBS BATU KAWAH","SARAWAK"
"427024","EIK QUENSBAY MALL","FED. TERRITORY"
"17392828","KIOSK KOTA BAHRU","KELANTAN"
"17393125","GREENLANE SIC","PENANG"
"17392835","SME BKG JLN BUNUS","FED. TERRITORY"
"3426943","AFC JLN GENUANG, SEGAMAT","JOHOR"
"3426411","RIVERCITY, JLN IPOH","FED. TERRITORY"
"3426632","IBS TANJUNG BUNGAH","PENANG"
"17392788","KIOSK PLZ ANGSANA","JOHOR"
"3426834","IBS SETAPAK","FED. TERRITORY"
"17393335","IBS KIOSK T.MELAKA RAYA","MELAKA"
"17393024","PENANG EFS                         #","PENANG"
"3426859","IBS JLN TUN H.S. LEE, KL","FED. TERRITORY"
"3426676","IBS JELAPANG","PERAK"
"3426287","BANDAR SAHABAT SC","SABAH"
"43305060","IBS AEON MALL SHAH ALAM","SELANGOR"
"3426459","SEKSYEN 5, WANGSA MAJU","FED. TERRITORY"
"3426573","IBS MELAKA MAIN","MELAKA"
"17393602","MEDAN TUANKU","FED. TERRITORY"
"17393388","IBS KLCPD","FED. TERRITORY"
"17393049","BANGSAR BUSINESS CENTRE            #","FED. TERRITORY"
"17392853","SME BINTULU","SARAWAK"
"17393686","IBS KARAMUNSING TRADE FINANCE CENTRE","SABAH"
"3426331","TMN SRI SERDANG, S'GOR","SELANGOR"
"17392952","REGIONAL RETAIL CREDIT PERAK","PERAK"
"3426863","IBS WISMA GENTING","FED. TERRITORY"
"17392824","KIOSK AEON KINTA CITY","PERAK"
"3426619","IBS PENANG MAIN","PENANG"
"3427015","MEDAN PASAR","FED. TERRITORY"
"17393436","IBS PWC PRIMA SQUARE, SANDAKAN","SABAH"
"3427038","TEMERLOH","PAHANG"
"3426165","MIB KOTA BHARU","KELANTAN"
"17393152","EIM REG JOHOR/MELAKA","SELANGOR"
"3426981","AFC TELUK INTAN","PERAK"
"3426933","AFC TMN MELAKA RAYA","MELAKA"
"3426146","KULIM","KEDAH"
"17392761","KIOSK JB MAIN","JOHOR"
"17393251","IBS FRASER'S HILL SC","PAHANG"
"17393365","IBS FB STAR WORLD HOTEL CASINO","PAHANG"
"17392799","KIOSK ECONSAVE JAWI",""
"3426672","IBS PANTAI REMIS","PERAK"
"3426371","DAMANSARA JAYA","SELANGOR"
"426974","TRIANG","PAHANG"
"17393158","MBB REGIONAL CASH MANAGEMENT - FCY","FED. TERRITORY"
"17392946","RAQM SABAH","SABAH"
"17392997","REMITT PAYABLE-FOREIGN","FED. TERRITORY"
"17393432","IBS PWC JLN ZABEDAH, BP","JOHOR"
"3426319","RAWANG","SELANGOR"
"3426920","MFB LOC KUANTAN","PAHANG"
"3426693","IBS KUALA PERLIS SC","PERLIS"
"3426882","IBS JLN BUNUS, KL","FED. TERRITORY"
"3426960","AFC BUKIT PASIR, BP","JOHOR"
"3426384","BANDAR KINRARA SC","SELANGOR"
"17392855","SME MIRI","SARAWAK"
"3426352","CHERAS SELATAN","SELANGOR"
"3426977","AFC SELAYANG","SELANGOR"
"17393644","TAMAN CONNAUGHT","FED. TERRITORY"
"3426792","IBS PWC PJ NEW TOWN","SELANGOR"
"17393442","JOHOR BAHRU BC","JOHOR"
"17393642","GEORGETOWN","PENANG"
"3426350","USJ SUBANG JAYA","SELANGOR"
"3426655","IBS IPOH MAIN","PERAK"
"3426199","FRASER'S HILL SC","PAHANG"
"3426704","IBS KUNAK SC","SABAH"
"17393215","EIK CAMERON HIGHLAND","FED. TERRITORY"
"17392948","EARLY CARE CENTRE","FED. TERRITORY"
"17393047","CCC SARAWAK                        #","SARAWAK"
"17393194","AMEX PP HO","FED. TERRITORY"
"426976","PRAI INDUSTRIAL ESTATE","PENANG"
"17392906","FB KK LCCT","SABAH"
"17392818","KIOSK T.MALIM JAYA","MELAKA"
"3426470","LABUAN","LABUAN"
"3426798","IBS DAMANSARA JAYA","SELANGOR"
"3426266","PULAU PANGKOR SC","PERAK"
"3426102","JLN TEBRAU, JB","JOHOR"
"17393322","IBS KIOSK SG PETANI SST","KEDAH"
"17393089","SIC SARAWAK","SARAWAK"
"17393377","IBS FB KK INT'L AIRPORT DEPART","SABAH"
"3426441","MID VALLEY","FED. TERRITORY"
"17393314","IBS KIOSK TESCO SEMENYIH","SELANGOR"
"3426598","IBS KUANTAN MAIN","PAHANG"
"3426861","IBS BATU CANTONMENT","FED. TERRITORY"
"3426958","KEMAMAN","TERENGGANU"
"17393421","IBS PWC CHERAS SELATAN","SELANGOR"
"3426638","IBS SIMPANG AMPAT","PENANG"
"3426163","BACHOK SC","KELANTAN"
"3427006","GEORGETOWN","PENANG"
"17392839","SME BKG REGION PERAK","PERAK"
"3426653","IBS WISMA JELUTONG","PENANG"
"17392738","GUNUNG RAPAT","PERAK"
"3426245","IPOH MAIN","PERAK"
"3426226","JLN ONG YI HOW, BUTTERWORTH","PENANG"
"17393392","IBS ASSET QUALITY MANAGEMENT","FED. TERRITORY"
"3426443","GLENEAGLES","FED. TERRITORY"
"3426552","IBS KODIANG SC","KEDAH"
"3427034","JELUTONG","PENANG"
"427039","EIK KULAI","FED. TERRITORY"
"17393344","IBS KIOSK AEON KINTA CITY","PERAK"
"3426115","YONG PENG","JOHOR"
"3426937","AFC TEBRAU","JOHOR"
"17393541","IBS MFB CONVERSION CENTER","FED. TERRITORY"
"3426464","DESA PARK CITY","FED. TERRITORY"
"3426436","TECHNOLOGY PARK MALAYSIA","SELANGOR"
"17393129","MERGONG SIC","KEDAH"
"3426132","TMN MELODIES, JB","JOHOR"
"3426403","WISMA HANGSAM","FED. TERRITORY"
"3426094","MUAR","JOHOR"
"3426634","IBS PRAI INDUSTRIAL ESTATE","PENANG"
"17393190","MGB PREM PAYABLE","FED. TERRITORY"
"3426941","AFC SADONG JAYA, KK","SABAH"
"17392803","KIOSK JLN GOMBAK MOSE","FED. TERRITORY"
"3426281","KUDAT","SABAH"
"3426684","IBS GREENTOWN","PERAK"
"17392849","SME BANDAR BUKIT TINGGI","SELANGOR"
"3426100","KULAI","JOHOR"
"3426127","JLN SULAIMAN, MUAR","JOHOR"
"3426689","IBS KLEBANG","PERAK"
"17393156","CHANNEL GST OUTPUT TAX SETTLEMENT","FED. TERRITORY"
"3426268","BERCHAM","PERAK"
"17393112","KLANG SIC","SELANGOR"
"3426716","IBS BEAUFORT","SABAH"
"3426952","AFC RAHANG","NEGERI SEMBILAN"
"3427028","JALAN KELANG LAMA","FED. TERRITORY"
"17393192","MEPS EPOS ISSUING A/C","FED. TERRITORY"
"17392744","KIOSK SECTION 18","SELANGOR"
"3426407","KOMPLEKS DAYABUMI","FED. TERRITORY"
"3426554","IBS TMN RIA JAYA, SG PETANI","KEDAH"
"17393371","IBS FB JOHOR PREMIUM OUTLETS","JOHOR"
"426999","SETAPAK","FED. TERRITORY"
"17392795","KIOSK PENDANG","KEDAH"
"17393638","SEBERANG JAYA","PENANG"
"3426594","IBS SENAWANG","NEGERI SEMBILAN"
"17393232","SABAH","FED. TERRITORY"
"17393272","IBS KIOSK CENTRE POINT","SABAH"
"17393648","PERLING","JOHOR"
"3427040","SELAYANG","SELANGOR"
"17393560","MFB IBS KBB SG PETANI","KEDAH"
"17393569","MFB IBS KBB KUCHING","SARAWAK"
"3426205","SERI DAGANGAN, KUANTAN","PAHANG"
"3426251","KUALA KANGSAR","PERAK"
"3426840","IBS BANGSAR BARU","FED. TERRITORY"
"17393556","MFB IBS SIME SEREMBAN","NEGERI SEMBILAN"
"3426983","AFC THE REEF, RAWANG","SELANGOR"
"17393358","IBS FB KLIA SATELLITE BUILDING","SELANGOR"
"3426489","IBS JOHOR BAHRU MAIN","JOHOR"
"17393299","IBS KIOSK AEON BUKIT TINGGI","SELANGOR"
"3426260","PANTAI REMIS","PERAK"
"17393615","BUKIT MERTAJAM","PENANG"
"17393533","ACCOUNTING DEPARTMENT","FED. TERRITORY"
"17393209","MICRO CREDIT HUB KLANG","SELANGOR"
"17393497","MFB KBB SG PETANI","KEDAH"
"3426670","IBS LUMUT","PERAK"
"3426809","IBS MIB BANDAR BARU BANGI","SELANGOR"
"426980","TANJUNG MALIM","PERAK"
"17393651","KEPONG BARU","FED. TERRITORY"
"3426935","AFC ALOR SETAR","KEDAH"
"17392976","PWC KLCC","FED. TERRITORY"
"427012","EIK RIVERCITY","FED. TERRITORY"
"3426325","SUBANG PERDANA","SELANGOR"
"17393520","MFB TREASURY DEPARTMENT","FED. TERRITORY"
"3426300","BINTULU","SARAWAK"
"426986","JLN PERPADUAN, KK","SABAH"
"3426529","IBS PALOH SC","JOHOR"
"3426885","IBS KL SENTRAL","FED. TERRITORY"
"17393653","KUALA LUMPUR TRADE PROCESSING CENTRE","FED. TERRITORY"
"17393060","SUBANG BUSINESS CENTRE             #","SELANGOR"
"3426241","BERTAM","PENANG"
"17392965","PWC UEP SUBANG JAYA","SELANGOR"
"17393438","IBS PWC ONE CITY USJ","FED. TERRITORY"
"3426367","KELANA BUSINESS CENTRE SC","SELANGOR"
"17393163","EFTPOS SETTLEMENT","FED. TERRITORY"
"3426234","ALMA","PENANG"
"17393583","IBS MFB LMC JOHOR BAHRU","JOHOR"
"3426872","IBS SENTUL RAYA","FED. TERRITORY"
"3426657","IBS PASIR PUTIH","PERAK"
"17393266","IBS KIOSK KLCC","FED. TERRITORY"
"3426615","IBS TMN TAS, KUANTAN","PAHANG"
"17393007","CAC JOHORE / MALACCA               #","JOHOR"
"17392723","MAYBANK CAMBODIA","FED. TERRITORY"
"17393600","BINTULU","SARAWAK"
"3426849","IBS JLN MAKTAB, KL SC","FED. TERRITORY"
"3426735","IBS MIB AL-IDRUS","SARAWAK"
"3426220","NIBONG TEBAL","PENANG"
"3426180","BAHAU","NEGERI SEMBILAN"
"17393499","MFB KBB SRI MANJUNG","PERAK"
"3426750","IBS KUALA KUBU BHARU","SELANGOR"
"17393617","KEPONG","FED. TERRITORY"
"17393590","MFB IBS SIME MALIM","MELAKA"
"3426258","LUMUT","PERAK"
"17393091","MENTAKAB BUSINESS CENTRE           #","PAHANG"
"17393068","CAC SELANGOR/NS                    #","SELANGOR"
"3426224","TANJUNG BUNGAH","PENANG"
"3426821","IBS KUALA TERENGGANU","TERENGGANU"
"3426428","BATU CANTONMENT","FED. TERRITORY"
"3426512","IBS PASIR GUDANG","JOHOR"
"17393640","SARIKEI","SARAWAK"
"3426169","JASIN","MELAKA"
"17392742","MIB SADONG JAYA","SABAH"
"3426567","IBS BACHOK SC","KELANTAN"
"3426880","IBS MENARA PROMENADE","FED. TERRITORY"
"17393110","USJ TAIPAN SIC","SELANGOR"
"3426609","IBS BENTONG","PAHANG"
"17393543","MFB TAMAN PELANGI","JOHOR"
"3426218","BALIK PULAU","PENANG"
"3426525","IBS JLN SEGGET, JB","JOHOR"
"3426687","IBS LANGKAP SC","PERAK"
"17393005","DANAHARTA INT. PAYABLE","FED. TERRITORY"
"3426918","MFB IPOH (LOC)","PERAK"
"17393554","MFB IBS SIME SELAYANG","FED. TERRITORY"
"17393468","SEREMBAN BC","NEGERI SEMBILAN"
"17392784","KIOSK SHAFTBURY","SELANGOR"
"3426418","KOMPLEKS BANDAR","FED. TERRITORY"
"3426771","IBS WISMA CONSPLANT","SELANGOR"
"17393241","PHNOM PENH","PENANG"
"17392917","CAC JOHOR/MELAKA","JOHOR"
"3426874","IBS KLCC","FED. TERRITORY"
"17393253","IBS KOMPLEKS KERAJAAN IPOH","PERAK"
"3426565","IBS TANAH MERAH","KELANTAN"
"3426516","IBS TMN DAYA, JB","JOHOR"
"3426344","SEKSYEN 20, SHAH ALAM","SELANGOR"
"17393285","IBS KIOSK AEON BUKIT INDAH JB","JOHOR"
"3426725","IBS JLN PENDING, KUCHING","SARAWAK"
"427035","EIK RAWANG","FED. TERRITORY"
"17393167","SUS-VB IBFT","SELANGOR"
"3426491","IBS BATU PAHAT","JOHOR"
"17393577","MFB IBS MELAKA LOC","MELAKA"
"17393224","KEDAH","FED. TERRITORY"
"17393055","CAC KL MAIN                        #","FED. TERRITORY"
"3426613","IBS SERI DAGANGAN, KUANTAN","PAHANG"
"17393491","MFB SIME PENANG","PENANG"
"3427044","KULAI","JOHOR"
"17393447","PRAI BC","PENANG"
"17393316","IBS KIOSK POKOK SENA","KEDAH"
"17393413","IBS PWC SHAH ALAM","SELANGOR"
"17392782","KIOSK KELANA JAYA","SELANGOR"
"17393148","SIC JOHOR JAYA","JOHOR"
"17393325","IBS KIOSK PRIMA AVE,CYB","SELANGOR"
"17393659","SHAH ALAM TRADE FINANCE CENTRE","SELANGOR"
"17393390","IBS JB OSC","JOHOR"
"17393512","MFB FACTORING DIVISION","FED. TERRITORY"
"3426186","GEMENCHEH SC","NEGERI SEMBILAN"
"427014","EIK TTDI","FED. TERRITORY"
"3426853","IBS DATARAN MAYBANK","FED. TERRITORY"
"17393182","MALAYAN BANKING BERHAD","FED. TERRITORY"
"45968034","MIB VIRTUAL ACCOUNT 5060","FED. TERRITORY"
"17393478","MBB/MFB REGIONAL SWITCH SETTLEMENT","FED. TERRITORY"
"17393026","LMC PENANG/KEDAH/PERLIS            #","PENANG"
"17393678","IBS BANGSAR BARU TRADE FINANCE CENTRE","FED. TERRITORY"
"17393501","MFB KBB MELAKA","MELAKA"
"17393291","IBS KIOSK CARREFOUR PRAI","PENANG"
"17393680","IBS PERNAS SOGO TRADE FINANCE CENTRE","FED. TERRITORY"
"3426184","GEMAS","NEGERI SEMBILAN"
"17392992","PWC KAJANG","SELANGOR"
"426978","GREENLANE","PENANG"
"3426769","IBS SEKSYEN 20, SHAH ALAM","SELANGOR"
"3427000","JALAN IPOH","FED. TERRITORY"
"3426327","SHAH ALAM MAIN","SELANGOR"
"17392881","FB MID VALLEY MEGAMALL","FED. TERRITORY"
"3426617","IBS RAUB","PAHANG"
"17392873","SME MELAKA","MELAKA"
"3426563","IBS WAKAF SIKU","KELANTAN"
"17393102","KEMAMAN BUSINESS CENTRE","TERENGGANU"
"3426954","AFC KLUANG","JOHOR"
"45968021","VIRTUAL ACCOUNT 0057","FED. TERRITORY"
"17393369","IBS FB HARBOUR PARK","KEDAH"
"3426481","MBB MEPS SETT A/C","FED. TERRITORY"
"3426836","IBS BUKIT BINTANG","FED. TERRITORY"
"17392955","REGIONAL RETAIL CREDIT SABAH","SABAH"
"17393451","MIRI BC","SARAWAK"
"3426336","SUNGAI BESAR","SELANGOR"
"17393466","IPOH BC","PERAK"
"17393289","IBS KIOSK TESCO SUNGAI PETANI","KEDAH"
"17393558","MFB IBS KBB PENANG","PENANG"
"17393283","IBS KIOSK SUNWAY PIRAMID","SELANGOR"
"17393440","IBS PWC TAIPING","PERAK"
"17393064","SRI DAMANSARA BUSINESS CENTRE      #","SELANGOR"
"17393039","RFS SABAH                          #","SABAH"
"3426927","AFC JURU","PENANG"
"17393409","IBS RAQM SARAWAK","SARAWAK"
"17393003","CREDIT CARD CENTRE-BATCH SUSP","FED. TERRITORY"
"3426203","KUANTAN MOBILE UNIT","PAHANG"
"3426447","SEGAMBUT","FED. TERRITORY"
"3426216","PULAU TIKUS","PENANG"
"3427025","KANGAR","PERLIS"
"17392904","FB KK INT'L AIRPORT ARRIVAL","SABAH"
"17392980","PWC BURMAH HOUSE","PENANG"
"17392927","BRFX SETTLEMENT",""
"3426338","SEKSYEN 18, SHAH ALAM","SELANGOR"
"3426430","WISMA GENTING","FED. TERRITORY"
"17393657","JOHORE BAHRU TRADE FINANCE CENTRE","JOHOR"
"3426813","IBS AEON BUKIT TINGGI, KLANG S","SELANGOR"
"17393535","FBEP - (CORRESPONDENT BANKING SECTION)","FED. TERRITORY"
"17393405","IBS RAQM PAHANG/KELANTAN/TRENGGANU","PAHANG"
"3427017","AFC JALAN SULTAN IDRIS SHAH","PERAK"
"3426546","IBS ALOR SETAR","KEDAH"
"3426239","RELAU","PENANG"
"3426899","IBS MONT KIARA","FED. TERRITORY"
"3426626","IBS BALIK PULAU","PENANG"
"3426445","DESA PANDAN","FED. TERRITORY"
"17392814","KIOSK TMN JOHOR JAYA","JOHOR"
"17392755","KIOSK SEREMBAN 2","NEGERI SEMBILAN"
"3426857","IBS WISMA SIME DARBY","FED. TERRITORY"
"17392759","KIOSK TAWAU","SABAH"
"3426161","TANAH MERAH","KELANTAN"
"45968025","MIB VIRTUAL ACCOUNT 5051","FED. TERRITORY"
"17392883","FB KLCC","FED. TERRITORY"
"17393516","MFB H/O COST CENTRE","FED. TERRITORY"
"3426550","IBS JITRA","KEDAH"
"17393623","KUALA KRAI","KELANTAN"
"17392740","BANDAR RAMAI-RAMAI SC","SABAH"
"43305052","OU RUESSEI BRANCH",""
"17392864","SME PLAZA MWE","PENANG"
"17392925","REPO PLACEMENT CTR","FED. TERRITORY"
"3426914","MFB SIME JLN IPOH","FED. TERRITORY"
"17392826","KIOSK C MART ARAU","PERLIS"
"3426195","TEMERLOH","PAHANG"
"17392816","KIOSK SG BULOH","SELANGOR"
"17393083","SIC FT/SEL/N9","SELANGOR"
"3426897","IBS DESA PARK CITY","FED. TERRITORY"
"3426647","IBS TMN DESA DAMAI,BKT MERTAJA","PENANG"
"3426561","IBS KOTA BHARU","KELANTAN"
"43305058","MAYBANK SHENZHEN BRANCH",""
"17393485","MFB SIME ALOR SETAR","KEDAH"
"3426668","IBS MENGLEMBU","PERAK"
"17393445","MELAKA BC","MELAKA"
"17393247","IBS MAYBANK AGEAS","FED. TERRITORY"
"17393045","CAC KUCHING                        #","SARAWAK"
"17393609","JALAN TEBRAU","JOHOR"
"17392967","PWC PJ NEW TOWN","SELANGOR"
"17393306","IBS KIOSK TELUK INTAN","PERAK"
"3426990","AFC KULAI","JOHOR"
"17393260","IBS PWC PLAZA DAMANSARA","FED. TERRITORY"
"17393592","ALOR SETAR","KEDAH"
"3426340","SS2, PJ","SELANGOR"
"3426264","BAGAN SERAI","PERAK"
"17393331","IBS KIOSK KOTA TINGGI","JOHOR"
"17393321","IBS KIOSK SETAPAK","FED. TERRITORY"
"17393581","IBS REGIONAL ASSET QUALITY MGMT,CB,SABAH","SABAH"
"17393636","JALAN IPOH","FED. TERRITORY"
"3426584","IBS SEREMBAN","NEGERI SEMBILAN"
"3426592","IBS GEMENCHEH SC","NEGERI SEMBILAN"
"17392896","FB LANGKAWI INT'L AIRPORT","KEDAH"
"3426449","JLN BUNUS, KL","FED. TERRITORY"
"3426262","SUNGAI SIPUT","PERAK"
"427037","EIK JLN ABDULLAH MUAR","FED. TERRITORY"
"17393514","MFB ASEAM CREDIT","FED. TERRITORY"
"3426397","KERTEH","TERENGGANU"
"17392757","KIOSK TABUAN JAYA","SARAWAK"
"3426912","MFB TAMPIN","NEGERI SEMBILAN"
"17393674","IBS BUTTERWORTH TRADE FINANCE CENTRE","PENANG"
"17392843","SME BKG REGION SARAWAK","SARAWAK"
"3427030","SETAPAK","FED. TERRITORY"
"17393268","IBS KIOSK ECONSAVE ALAM JAYA","SELANGOR"
"17393079","FEDERAL TERRITORY LMC              #","FED. TERRITORY"
"3426971","AFC TMN CHERAS MAKMUR","FED. TERRITORY"
"17393150","SIC JELAPANG","PERAK"
"3426098","TANGKAK","JOHOR"
"3426895","IBS SRI PETALING","FED. TERRITORY"
"17392847","SME KAJANG","SELANGOR"
"17393453","BANGSAR BC","FED. TERRITORY"
"3426222","KAMPUNG BARU","PENANG"
"3426855","IBS TMN TUN DR. ISMAIL, KL","FED. TERRITORY"
"17393682","IBS KUCHING TRADE FINANCE CENTRE","SARAWAK"
"17392862","SME IPOH","PERAK"
"3426931","AFC IPOH MAIN, JSIS","PERAK"
"17393455","P RAMLEE BC","FED. TERRITORY"
"3426182","PULAU SEBANG","MELAKA"
"3426832","IBS JLN PUDU, KL","FED. TERRITORY"
"17393131","BENTONG SIC","PAHANG"
"17392894","FB FIRST WORLD HOTEL PLAZA, GH","PAHANG"
"3426847","IBS DAMANSARA UTAMA","SELANGOR"
"3426359","TTDI JAYA","SELANGOR"
"17393495","MFB KBB PENANG","PENANG"
"3426973","BUKIT MERTAJAM","PENANG"
"17393628","BAHAU","NEGERI SEMBILAN"
"3426285","SIPITANG","SABAH"
"17393464","KUANTAN BC","PAHANG"
"17392961","REGIONAL CORPORATE BANKING - SARAWAK","SARAWAK"
"3426588","IBS PULAU SEBANG","MELAKA"
"17392793","KIOSK PAVILION KL","FED. TERRITORY"
"3426651","IBS BERTAM","PENANG"
"3426950","AFC MILE 4 TAWAU","SABAH"
"3426174","TMN MELAKA RAYA, MELAKA","MELAKA"
"3426483","KOTA KINABALU CAC","SABAH"
"3426870","IBS KUCHAI LAMA","FED. TERRITORY"
"17393066","SELANGOR EFS                       #","SELANGOR"
"3426506","IBS FELDA AIR TAWAR SC","JOHOR"
"3426308","BAU","SARAWAK"
"17393329","IBS KIOSK T.SETIAWANGSA MOSE","FED. TERRITORY"
"3426664","IBS BIDOR","PERAK"
"3426876","IBS MENARA PGRM","FED. TERRITORY"
"3426683","IBS KAMUNTING","PERAK"
"3426979","JALAN KLANG LAMA (OUG)","FED. TERRITORY"
"3426363","SEMENYIH","SELANGOR"
"3426119","JB DUTY FREE COMPLEX SC","JOHOR"
"17393308","IBS KIOSK PLZ ANGSANA","JOHOR"
"45968015","VIRTUAL ACCOUNT 0051","FED. TERRITORY"
"426972","SEREMBAN","NEGERI SEMBILAN"
"17393426","IBS PWC IPOH MAIN, JSIS","PERAK"
"17393245","IBS ETIQA INSURANCE","FED. TERRITORY"
"427029","EIK SUBANG PERDANA","FED. TERRITORY"
"17392776","KIOSK CENTERPOINT MIRI","SARAWAK"
"3426193","KUALA ROMPIN","PAHANG"
"17393121","JOHOR BAHRU SIC","JOHOR"
"3426956","AFC BANDAR SRI PERMAISURI","FED. TERRITORY"
"3426607","IBS KUALA LIPIS","PAHANG"
"3426117","BANDAR BARU PERMAS JAYA","JOHOR"
"17392845","SME TTDI JAYA","SELANGOR"
"3426548","IBS BALING","KEDAH"
"3426811","IBS BANDAR KINRARA SC","SELANGOR"
"17392944","RAQM PERAK","PERAK"
"427001","DAMANSARA UTAMA","SELANGOR"
"17393327","IBS KIOSK SUBANG JAYA SS15","SELANGOR"
"3426706","IBS KARAMUNSING","SABAH"
"3426712","IBS ALAMESRA","SABAH"
"3426691","IBS SUNWAY CITY SC","PERAK"
"17393655","PENANG TRADE FINANCE CENTRE","PENANG"
"17392988","PWC MELAKA MAIN","MELAKA"
"17392936","KOTA BHARU OSC","KELANTAN"
"3426746","IBS TANJONG KARANG","SELANGOR"
"17393270","IBS KIOSK TESCO BUKIT BERUNTUNG","SELANGOR"
"3426544","IBS JOHOR PREMIUM OUTLETS SC","JOHOR"
"17393281","IBS KIOSK JB MAIN","JOHOR"
"3426916","MFB MALIM MELAKA","MELAKA"
"3426151","KODIANG SC","KEDAH"
"17392959","REGIONAL CORPORATE BANKING - JOHOR","JOHOR"
"3426138","PARIT RAJA","JOHOR"
"17393159","CIRRUS ISSUING","FED. TERRITORY"
"17393127","TAMAN RIA JAYA SIC","KEDAH"
"17393304","IBS KIOSK SHAFTBURY","SELANGOR"
"426989","PELITA COMMERCIAL CTR","SARAWAK"
"17393449","TELUK INTAN BC","PERAK"
"3426155","SIMPANG KUALA","KEDAH"
"17392902","FB KUALA TERENGGANU","TERENGGANU"
"3426159","WAKAF SIKU","KELANTAN"
"17393171","REGS TNG COMM SETTLEMENT A/C","FED. TERRITORY"
"17393630","JALAN SS2","SELANGOR"
"426968","MERGONG","KEDAH"
"17392982","PWC KUANTAN","PAHANG"
"17393474","KEMAMAN BC","TERENGGANU"
"17393594","PULAU PINANG","PENANG"
"3426424","WISMA SIME DARBY","FED. TERRITORY"
"17392879","LIS HEAD OFFICE",""
"3426542","IBS AEON BUKIT INDAH, JB SC","JOHOR"
"3426197","KARAK","PAHANG"
"3426580","IBS MASJID TANAH","MELAKA"
"17393428","IBS PWC SETIA TROPIKA, JB","JOHOR"
"45968030","MIB VIRTUAL ACCOUNT 5056","FED. TERRITORY"
"3426401","KUALA LUMPUR MAIN","FED. TERRITORY"
"17393138","MIRI SIC","SARAWAK"
"3426908","IBS CASH MANAGEMENT","FED. TERRITORY"
"3426527","IBS JLN SULAIMAN, MUAR","JOHOR"
"17393022","PRAI BUSINESS CENTRE               #","PENANG"
"3426748","IBS BANTING","SELANGOR"
"3426939","AFC PENANG","PENANG"
"17393575","IBS MFB IPOH LOC","PERAK"
"17393573","MFB IBS MALIM MELAKA","MELAKA"
"3426508","IBS SKUDAI","JOHOR"
"17392805","KIOSK PRIMA AVE,CYB","SELANGOR"
"3426891","IBS MIB TTDI","FED. TERRITORY"
"426991","SIBU CENTRAL","SARAWAK"
"3426304","MUKAH","SARAWAK"
"3426975","AFC JLN BESERAH, KUANTAN","PAHANG"
"17393104","MISC OU","FED. TERRITORY"
"17393028","CCC PENANG/KEDAH/PERLIS            #","PENANG"
"17393323","IBS KIOSK JLN GOMBAK MOSE","FED. TERRITORY"
"3426929","AFC DATARAN MAYBANK","FED. TERRITORY"
"3426283","KENINGAU","SABAH"
"17393081","KUALA LUMPUR BUSINESS CENTRE       #","FED. TERRITORY"
"3426376","MUTIARA DAMANSARA, PJ","SELANGOR"
"3426201","MUADZAM SHAH","PAHANG"
"17392753","KIOSK MIDVALLEY","FED. TERRITORY"
"3426666","IBS TAPAH","PERAK"
"3426233","JURU","PENANG"
"3426893","IBS SOGO SC","FED. TERRITORY"
"17392915","FB KLIA 2 DEPARTURE","SELANGOR"
"17392734","PENGKALAN CHEPA","KELANTAN"
"3426277","PADANG BESAR SC","PERLIS"
"3426996","TAMAN TUN DR ISMAIL","FED. TERRITORY"
"17392940","RAQM FEDERAL TERRITORY","FED. TERRITORY"
"3426714","IBS KK INT'L AIRPORT SC","SABAH"
"17393018","CAC PAHANG/KELANTAN/TERENGGANU","PAHANG"
"17393016","SETT-TABUNG HAJI","FED. TERRITORY"
"17393348","IBS KIOSK KOTA BAHRU","KELANTAN"
"3426649","IBS RELAU","PENANG"
"3426729","IBS PELITA COMMERCIAL CTR","SARAWAK"
"17392900","FB AEON BUKIT INDAH, JB","JOHOR"
"17393531","BANDAR SUNWAY","SELANGOR"
"3426378","KOTA KEMUNING","SELANGOR"
"17393203","MICRO CREDIT HUB SEKINCHAN","SELANGOR"
"17392856","SME KARAMUNSING","SABAH"
"17393632","TAMAN TUN DR ISMAIL","FED. TERRITORY"
"17392852","SME TABUAN JAYA","SARAWAK"
"17393037","KARAMUNSING BUSINESS CENTRE        #","SABAH"
"426995","UEP SUBANG JAYA SC","SELANGOR"
"3426504","IBS BANDAR TENGGARA SC","JOHOR"
"3426605","IBS KARAK","PAHANG"
"3426531","IBS LAYANG-LAYANG SC","JOHOR"
"17393228","PAHANG","FED. TERRITORY"
"17393144","PUDU SIC","FED. TERRITORY"
"17393596","KAMPAR","PERAK"
"17393333","IBS KIOSK NIBONG TEBAL","PENANG"
"17393510","MFB MELAKA LOC","MELAKA"
"3426420","DATARAN MAYBANK","FED. TERRITORY"
"17393207","MICRO CREDIT HUB ALOR STAR","KEDAH"
"3426382","MIB BANDAR BARU BANGI","SELANGOR"
"17393537","HUMAN RESOURCE DEPARTMENT","FED. TERRITORY"
"17393546","MFB IBS SIME ALOR SETAR","KEDAH"
"3426498","IBS KULAI","JOHOR"
"17392780","KIOSK PORT KLANG","SELANGOR"
"3426460","SOGO SC","FED. TERRITORY"
"17393056","CAC FT                             #","FED. TERRITORY"
"3426731","IBS VIRTUAL BANKING","SELANGOR"
"3427049","AFC DAMANSARA UTAMA","SELANGOR"
"17393386","IBS FB CENANG MALL, LANGKAWI","KEDAH"
"17392921","CAC/CAD PHILEO","FED. TERRITORY"
"17393384","IBS FB BATU FERRINGHI","PENANG"
"3426603","IBS GENTING HIGHLANDS","PAHANG"
"3427011","SERI KEMBANGAN","SELANGOR"
"17393062","KLANG BUSINESS CENTRE              #","SELANGOR"
"3426502","IBS MASAI","JOHOR"
"3426365","JLN GOPENG, KLANG","SELANGOR"
"3426172","TMN MALIM JAYA, MELAKA","MELAKA"
"17393342","IBS KIOSK RANAU","SABAH"
"17393142","PROMENADE SIC","FED. TERRITORY"
"17393470","KOTA BHARU BC","KELANTAN"
"3426994","SS2","SELANGOR"
"3426586","IBS BAHAU","NEGERI SEMBILAN"
"3426645","IBS BANDAR BARU AIR ITAM","PENANG"
"17392934","SELANGOR/NS OSC","SELANGOR"
"3426662","IBS TANJUNG MALIM","PERAK"
"17393100","SANDAKAN BUSINESS CENTRE","SABAH"
"3426828","IBS DUNGUN","TERENGGANU"
"3426628","IBS NIBONG TEBAL","PENANG"
"3426992","LUKUT/PORT DICKSON","NEGERI SEMBILAN"
"3426807","IBS EQUINE PARK","SELANGOR"
"427020","SIC KLMO","FED. TERRITORY"
"17393001","BANK BROKING OPS","FED. TERRITORY"
"3426708","IBS PRIMA SQUARE, SANDAKAN","SABAH"
"3426466","MONT KIARA","FED. TERRITORY"
"17393108","MAYBANK FACTORING","FED. TERRITORY"
"3426136","TMN SENTOSA, JB SC","JOHOR"
"45968032","MIB VIRTUAL ACCOUNT 5058","FED. TERRITORY"
"3426967","AFC LAHAD DATU","SABAH"
"17393041","RRM SABAH                          #","SABAH"
"3426468","MENARA FELDA, PLATINUM PARK SC","FED. TERRITORY"
"3426641","IBS SUNGAI DUA","PENANG"
"3427036","CHERAS","FED. TERRITORY"
"17392875","SME MENTAKAB","PAHANG"
"3426620","IBS PENGKALAN WELD","PENANG"
"17392942","RAQM JOHOR/MELAKA","JOHOR"
"3426416","JLN MAKTAB, KL SC","FED. TERRITORY"
"426970","KOTA BHARU","KELANTAN"
"3426342","PANDAN JAYA","SELANGOR"
"3426540","IBS MIB LARKIN PERDANA, JB","JOHOR"
"3426092","PONTIAN","JOHOR"
"17393161","VISA INTERLINK ISSUING A/C","FED. TERRITORY"
"3427032","AMPANG","SELANGOR"
"3426786","IBS TTDI JAYA","SELANGOR"
"17393188","CREDIT CARD CENTRE MERCHANT PAYABLE","FED. TERRITORY"
"17392995","PWC TAIPING","PERAK"
"17393611","SUNGAI PETANI","KEDAH"
"17392999","ADMIN & PROPERTY OU","FED. TERRITORY"
"17393226","KELANTAN","FED. TERRITORY"
"17392797","KIOSK MERGONG","KEDAH"
"17393508","MFB KBB TEMERLOH","PAHANG"
"3426256","MENGLEMBU","PERAK"
"3426399","PAKA","TERENGGANU"
"3426380","EQUINE PARK","SELANGOR"
"3426298","LAWAS","SARAWAK"
"427031","EIK SKUDAI","FED. TERRITORY"
"17393373","IBS FB PANTAI TIMUR SHOPPING C","KELANTAN"
"3426422","TMN TUN DR. ISMAIL, KL","FED. TERRITORY"
"17392919","MEPS COMMISSION","FED. TERRITORY"
"17393430","IBS PWC PENANG MAIN","PENANG"
"3426323","KAPAR","SELANGOR"
"17392730","ETIQA INSURANCE","FED. TERRITORY"
"17392837","SME BKG REGION SELANGOR/N.SEMBILAN","SELANGOR"
"17393249","BANKERS VISA CARD PUR A/C","FED. TERRITORY"
"17393552","MFB IBS SIME KUANTAN","PAHANG"
"3426485","CHEQUE PROCESSING CENTRE","FED. TERRITORY"
"17392774","KIOSK KULIM","KEDAH"
"17393634","BANTING","SELANGOR"
"3427009","PANDAN INDAH","FED. TERRITORY"
"427050","EIK KUCHING SEL","FED. TERRITORY"
"3426296","MIRI","SARAWAK"
"3426868","IBS TECHNOLOGY PARK MALAYSIA","SELANGOR"
"3426439","JLN KENANGA, KL","FED. TERRITORY"
"3426140","GELANG PATAH, JB","JOHOR"
"3426624","IBS PULAU TIKUS","PENANG"
"3426134","TMN MOLEK, JB","JOHOR"
"17393123","MERSING SIC","JOHOR"
"3426805","IBS KOTA KEMUNING","SELANGOR"
"3426845","IBS SEA PARK","SELANGOR"
"17393588","IBS MFB ASEAM CREDIT","FED. TERRITORY"
"3426458","MIB TTDI","FED. TERRITORY"
"427052","EIK SG PETANI","FED. TERRITORY"
"3426767","IBS PANDAN JAYA","SELANGOR"
"17393222","PERAK","FED. TERRITORY"
"3426321","PORT KLANG","SELANGOR"
"17392938","GROUP HUMAN CAPITAL","FED. TERRITORY"
"17393020","CCC PAHANG/KELANTAN/TRENGGANU      #","PAHANG"
"17393287","IBS KIOSK WISMA SATOK","SARAWAK"
"3426887","IBS TMN CHERAS MAKMUR, KL","FED. TERRITORY"
"17392877","SME KUALA TERENGGANU","TERENGGANU"
"17393106","EFS KUCHING","SARAWAK"
"17393613","IPOH JALAN KAMPAR","PERAK"
"3427013","IBS AFC TAMAN MOLEK","JOHOR"
"17392772","KIOSK GIANT KOLOMBONG","SABAH"
"17392898","FB SENAI AIRPORT","JOHOR"
"3426254","TAPAH","PERAK"
"17393649","SERI KEMBANGAN","SELANGOR"
"3426866","IBS BANDAR SRI DAMANSARA","SELANGOR"
"3426214","PLAZA MWE","PENANG"
"17392732","MAYBANK AGEAS","FED. TERRITORY"
"17393205","MICRO CREDIT HUB KUCHING","SARAWAK"
"3426294","BEAUFORT","SABAH"
"17393058","CCC FEDERAL TERRITORY              #","FED. TERRITORY"
"3426237","TMN DESA DAMAI,BKT MERTAJAM SC","PENANG"
"3426988","WANGSA MAJU","FED. TERRITORY"
"17393199","CENTRAL MICRO CREDIT JHM","JOHOR"
"17393403","IBS RAQM SELANGOR/NEGERI SEMBILAN","SELANGOR"
"17393220","WILAYAH PERSEKUTUAN","FED. TERRITORY"
"3426521","IBS TMN PERLING, JB","JOHOR"
"3426622","IBS PLAZA MWE","PENANG"
"17393487","MFB SIME KL MAIN","FED. TERRITORY"
"3426790","IBS SEKSYEN 15, SHAH ALAM","SELANGOR"
"17393670","BATU PAHAT TRADE FINANCE CENTRE","JOHOR"
"17393201","CENTRAL MICRO CREDIT SWK","SARAWAK"
"3426851","IBS KOMPLEKS BANDAR","FED. TERRITORY"
"17393506","MFB KBB KUCHING","SARAWAK"
"17393346","IBS KIOSK C MART ARAU","PERLIS"
"17393472","SANDAKAN BC","SABAH"
"17393550","MFB IBS SIME KLANG","SELANGOR"
"427033","EIK SRI PETALING","FED. TERRITORY"
"17393567","MFB IBS KBB KOTA BHARU","KELANTAN"
"17393367","IBS FB KINTA CITY SHOPPING CTR","PERAK"
"17392791","KIOSK BKT MERTAJAM","PENANG"
"17393363","IBS FB INTERNATIONAL ROOM, GH","PAHANG"
"17392833","SME BKG KL MAIN","FED. TERRITORY"
"17393302","IBS KIOSK KELANA JAYA","SELANGOR"
"17393119","TAIPING SIC","PERAK"
"3426519","IBS JB DUTY FREE COMPLEX SC","JOHOR"
"3426889","IBS TMN CONNAUGHT, KL","FED. TERRITORY"
"3426906","IBS MIB GUNUNG RAPAT","PERAK"
"3426824","IBS JERTEH","TERENGGANU"
"17393668","KARAMUNSING TRADE FINANCE CENTRE","SABAH"
"3426559","IBS LAGENDA HEIGHTS, SG PETANI","KEDAH"
"3426317","TABUAN JAYA","SARAWAK"
"426987","ALAMESRA","SABAH"
"17393140","LIMBANG SIC","SARAWAK"
"17393672","IBS PJ TRADE FINANCE CENTRE","SELANGOR"
"17393607","KAMUNTING","PERAK"
"3426765","IBS SS2, PJ","SELANGOR"
"426993","PUCHONG JAYA","SELANGOR"
"427008","EIK SUNWAY GIZA","FED. TERRITORY"
"3426582","IBS CHENG","MELAKA"
"3426096","KLUANG","JOHOR"
"3426500","IBS JLN TEBRAU, JB","JOHOR"
"17393571","MFB IBS KBB KUANTAN","PAHANG"
"3426462","SRI PETALING","FED. TERRITORY"
"17393098","KOTA BHARU BUSINESS CENTRE         #","KELANTAN"
"17392957","RETAIL FINANCING (BR)","FED. TERRITORY"
"3426763","IBS SEKSYEN 18, SHAH ALAM","SELANGOR"
"427048","EIK JLN TAR","FED. TERRITORY"
"427010","EI CDD USJ TAIPAN","FED. TERRITORY"
"17392854","SME SIBU","SARAWAK"
"17393529","MFB SEC 9, SHAH ALAM","SELANGOR"
"17393262","IBS MENARA PNB SC","FED. TERRITORY"
"3426357","PRIMA AVENUE, CYBERJAYA SC","SELANGOR"
"3426111","PARIT JAWA SC","JOHOR"
"3426727","IBS MUKAH","SARAWAK"
"17393527","TAMAN CONNAUGHT","FED. TERRITORY"
"17393424","IBS PWC WISMA GENTING","FED. TERRITORY"
"3426523","IBS KOTA ISKANDAR, NUSAJAYA SC","JOHOR"
"3426969","AFC WISMA JELUTONG","PENANG"
"3426355","KAJANG PRIMA","SELANGOR"
"46349930","IBS KIOSK UTC JB","JOHOR"
"3426723","IBS BINTULU","SARAWAK"
"17392978","PWC JOHOR BAHRU","JOHOR"
"3426826","IBS MIB KUALA TERENGGANU","TERENGGANU"
"3426788","IBS TMN BUKIT EMAS, PJ","SELANGOR"
"3426948","AFC MENARA KLANG","SELANGOR"
"3426176","AYER KEROH","MELAKA"
"3426153","GURUN","KEDAH"
"3426315","TUDAN","SARAWAK"
"17393243","SHANGHAI BRANCH",""
"3426479","REGIONAL CASH MANAGEMENT","FED. TERRITORY"
"3426601","IBS CAMERON HIGHLANDS","PAHANG"
"3426744","IBS RAWANG","SELANGOR"
"17393407","IBS RAQM PENANG/KEDAH/PERLIS","PENANG"
"3426113","PASIR GUDANG","JOHOR"
"3426702","IBS KENINGAU","SABAH"
"17393077","SELANGOR /N SEMBILAN LMC           #","SELANGOR"
"3426685","IBS MALIM NAWAR SC","PERAK"
"17393180","MFB REGIONAL SWITCH (COUNTER)","FED. TERRITORY"
"3426437","MENARA PERKESO","FED. TERRITORY"
"17393548","MFB IBS SIME IPOH","PERAK"
"17392751","KIOSK PUTATAN","SABAH"
"3426784","IBS PANDAMARAN","SELANGOR"
"17392812","KIOSK KEMAMAN","TERENGGANU"
"17393525","AYER ITAM","PENANG"
